A10302B0000053672V;Red Hot Chili Peppers;Scar Tissue (Master Ringback);RingBackTone;Scar_Tissue_Master_Ringback-Rock-Red_Hot_Chili_Peppers.mp3
A10302B0000053673T;Red Hot Chili Peppers;Give It Away (Master Ringback);RingBackTone;Give_It_Away_Master_Ringback-Rock-Red_Hot_Chili_Peppers.mp3
A10302B0000053674R;Red Hot Chili Peppers;Californication (Master Ringback);RingBackTone;Californication_Master_Ringback-Rock-Red_Hot_Chili_Peppers.mp3
A10302B0000078720M;Simple Plan;Jump;RingBackTone;Jump-POP-Simple_Plan.mp3
A10302B0000078811G;Villanos;Sin Mi;RingBackTone;Sin_Mi-Latinos-Villanos.mp3
A10302B0000080140A;Fito Paez;Y Dale Alegria A Mi Corazon;RingBackTone;Y_Dale_Alegria_A_Mi_Corazon-Latinos-Fito_Paez.mp3
A10302B00000801434;Fito Paez;A Rodar Mi Vida;RingBackTone;A_Rodar_Mi_Vida-Latinos-Fito_Paez.mp3
A10302B0000080146X;Fito Paez;Circo Beat;RingBackTone;Circo_Beat-Latinos-Fito_Paez.mp3
A10302B00000801514;Fito Paez;El Diablo En Tu Corazon;RingBackTone;El_Diablo_En_Tu_Corazon-Latinos-Fito_Paez.mp3
A10302B00000803122;Fito Paez;Dos En La Ciudad;RingBackTone;Dos_En_La_Ciudad-Latinos-Fito_Paez.mp3
A10302B0000093964X;Maná;En el muelle de San Blás (Master Ringback);RingBackTone;En_el_muelle_de_San_Blas_Master_Ringback-Latinos-Man.mp3
A10302B0000101947Y;La Ley;Mirate;RingBackTone;Mirate-Latino-La_Ley.mp3
A10302B0000101956W;La Ley;¡Amate y sálvate!;RingBackTone;Amate_y_salvate-Latino-La_Ley.mp3
A10302B0000101964W;La Ley;Mentira;RingBackTone;Mentira-Latinos-La_Ley.mp3
A10302B0000102614N;La Ley;Aquí;RingBackTone;Aqui-Latinos-La_Ley.mp3
A10302B00001067349;Alejandro Sanz;No es lo mismo;RingBackTone;No_es_lo_mismo-Latinos-Alejandro_Sanz.mp3
A10302B0000106844Y;Alejandro Sanz;Corazon Partio;RingBackTone;Corazon_Partio-Latinos-Alejandro_Sanz.mp3
A10302B0000106855S;Alejandro Sanz;El Alma Al Aire;RingBackTone;El_Alma_Al_Aire-Latinos-Alejandro_Sanz.mp3
A10302B0000111323T;Madonna;Burning Up (Master Ringback);RingBackTone;Burning_Up_Master_Ringback-Pop-Madonna.mp3
A10302B0000111330V;Madonna;Into The Groove;RingBackTone;Into_The_Groove-Pop-Madonna.mp3
A10302B0000111345H;Madonna;Lucky Star (Master Ringback);RingBackTone;Lucky_Star_Master_Ringback-Pop-Madonna.mp3
A10302B00001113683;Madonna;Dress You Up (Master Ringback);RingBackTone;Dress_You_Up_Master_Ringback-Pop-Madonna.mp3
A10302B0000111388W;Madonna;American Life (Master Ringback);RingBackTone;American_Life_Master_Ringback-Pop-Madonna.mp3
A10302B0000111396W;Madonna;Deeper And Deeper;RingBackTone;Deeper_And_Deeper-Pop-Madonna.mp3
A10302B0000111403T;Madonna;La Isla Bonita (Master Ringback);RingBackTone;La_Isla_Bonita_Master_Ringback-Pop-Madonna.mp3
A10302B0000111405P;Madonna;Like A Virgin (Master Ringback);RingBackTone;Like_A_Virgin_Master_Ringback-Pop-Madonna.mp3
A10302B0000111407L;Madonna;Open Your Heart;RingBackTone;Open_Your_Heart-Pop-Madonna.mp3
A10302B0000111409H;Madonna;Ray Of Light;RingBackTone;Ray_Of_Light-Pop-Madonna.mp3
A10302B0000111413P;Madonna;What It Feels Like For A Girl (Master Ringback);RingBackTone;What_It_Feels_Like_For_A_Girl_Master_Ringback-Pop-Madonna.mp3
A10302B00001121579;Madonna;Beautiful Stranger;RingBackTone;Beautiful_Stranger-Pop-Madonna.mp3
A10302B0000112163D;Madonna;True Blue (Master Ringback);RingBackTone;True_Blue_Master_Ringback-Pop-Madonna.mp3
A10302B00001131515;Maná;Oye mi amor (Master Ringback);RingBackTone;Oye_mi_amor_Master_Ringback-Latinos-Man.mp3
A10302B00001131540;Maná;Rayando el sol (Master Ringback);RingBackTone;Rayando_el_sol_Master_Ringback-Latinos-Man.mp3
A10302B0000113155Y;Maná;Te lloré un río (Master Ringback);RingBackTone;Te_llor_un_rio_Master_Ringback-Latinos-Man.mp3
A10302B0000113158S;Maná;Vivir sin aire (Master Ringback);RingBackTone;Vivir_sin_aire_Master_Ringback-Latinos-Man.mp3
A10302B00001131620;La Ley;Vi;RingBackTone;Vi-Latino-La_Ley.mp3
A10302B0000114369P;The Doors;Break On Through [To The Other Side] (Ringback Ringtone);RingBackTone;Break_On_Through_To_The_Other_Side_Ringback_Ringtone-Clasicos-The_Doors.mp3
A10302B0000114390T;The Doors;L.A. Woman (Ringback Ringtone);RingBackTone;LA_Woman_Ringback_Ringtone-Clasicos-The_Doors.mp3
A10302B0000114397F;The Doors;Peace Frog (Ringback Ringtone);RingBackTone;Peace_Frog_Ringback_Ringtone-Clasicos-The_Doors.mp3
A10302B0000114401M;The Doors;People Are Strange (Ringback Ringtone);RingBackTone;People_Are_Strange_Ringback_Ringtone-Clasicos-The_Doors.mp3
A10302B0000114404G;The Doors;Riders On The Storm (Ringback Ringtone);RingBackTone;Riders_On_The_Storm_Ringback_Ringtone-Clasicos-The_Doors.mp3
A10302B0000114407A;The Doors;Roadhouse Blues (Ringback Ringtone);RingBackTone;Roadhouse_Blues_Ringback_Ringtone-Clasicos-The_Doors.mp3
A10302B00001144168;The Doors;Soul Kitchen (Ringback Ringtone);RingBackTone;Soul_Kitchen_Ringback_Ringtone-Clasicos-The_Doors.mp3
A10302B0000114604Z;Maná;Como te deseo (Master Ringback);RingBackTone;Como_te_deseo_Master_Ringback-Latinos-Man.mp3
A10302B0000119119K;Madonna;Hung Up (Time Goes By So Slowly);RingBackTone;Hung_Up_Time_Goes_By_So_Slowly-Pop-Madonna.mp3
A10302B0000119123S;Madonna;Hung Up (Ring Ring Ring Vocal);RingBackTone;Hung_Up_Ring_Ring_Ring_Vocal-Pop-Madonna.mp3
A10302B0000120375Q;Madonna;I Love New York;RingBackTone;I_Love_New_York-Pop-Madonna.mp3
A10302B0000120378K;Madonna;Let It Will Be;RingBackTone;Let_It_Will_Be-Pop-Madonna.mp3
A10302B0000120381U;Madonna;Forbidden Love;RingBackTone;Forbidden_Love-Pop-Madonna.mp3
A10302B00001207384;Madonna;How High;RingBackTone;How_High-Pop-Madonna.mp3
A10302B0000120740G;Madonna;Isaac;RingBackTone;Isaac-Pop-Madonna.mp3
A10302B0000120742C;Madonna;Push (Chorus);RingBackTone;Push_Chorus-Pop-Madonna.mp3
A10302B00001207448;Madonna;Like It Or Not;RingBackTone;Like_It_Or_Not-Pop-Madonna.mp3
A10302B0000121316W;Alejandro Sanz;Amiga Mia;RingBackTone;Amiga_Mia-Latinos-Alejandro_Sanz.mp3
A10302B0000121323Y;Alejandro Sanz;La Margarita Dijo No;RingBackTone;La_Margarita_Dijo_No-Latinos-Alejandro_Sanz.mp3
A10302B0000121331Y;Alejandro Sanz;Y, ¿Si Fuera Ella?;RingBackTone;Y_Si_Fuera_Ella-Latinos-Alejandro_Sanz.mp3
A10302B0000121781F;The Doors;Light My Fire (Ringback Ringtone);RingBackTone;Light_My_Fire_Ringback_Ringtone-Clasicos-The_Doors.mp3
A10302B00001233961;La Ley;Cielo Market;RingBackTone;Cielo_Market-Latino-La_Ley.mp3
A10302B00001252229;Harry Potter And The Goblet Of Fire Soundtrack;Hogwarts' March;RingBackTone;Hogwarts_March-Cine_y_TV-Harry_Potter_And_The_Goblet_Of_Fire_Soundtrack.mp3
A10302B00001252253;Harry Potter And The Goblet Of Fire Soundtrack;Voldemort;RingBackTone;Voldemort-Cine_y_TV-Harry_Potter_And_The_Goblet_Of_Fire_Soundtrack.mp3
A10302B00001252309;Harry Potter And The Goblet Of Fire Soundtrack;Hogwarts' Hymn;RingBackTone;Hogwarts_Hymn-Cine_y_TV-Harry_Potter_And_The_Goblet_Of_Fire_Soundtrack.mp3
A10302B0000125245W;Harry Potter And The Goblet Of Fire Soundtrack;The Story Continues;RingBackTone;The_Story_Continues-Cine_y_TV-Harry_Potter_And_The_Goblet_Of_Fire_Soundtrack.mp3
A10302B0000125248Q;Harry Potter And The Goblet Of Fire Soundtrack;The Quidditch World Cup;RingBackTone;The_Quidditch_World_Cup-Cine_y_TV-Harry_Potter_And_The_Goblet_Of_Fire_Soundtrack.mp3
A10302B0000125252Y;Harry Potter And The Goblet Of Fire Soundtrack;Foreign Visitors Arrive;RingBackTone;Foreign_Visitors_Arrive-Cine_y_TV-Harry_Potter_And_The_Goblet_Of_Fire_Soundtrack.mp3
A10302B0000125253W;Harry Potter And The Goblet Of Fire Soundtrack;The Goblet Of Fire;RingBackTone;The_Goblet_Of_Fire-Cine_y_TV-Harry_Potter_And_The_Goblet_Of_Fire_Soundtrack.mp3
A10302B0000125266M;Harry Potter And The Goblet Of Fire Soundtrack;Potter Waltz;RingBackTone;Potter_Waltz-Cine_y_TV-Harry_Potter_And_The_Goblet_Of_Fire_Soundtrack.mp3
A10302B0000182801K;Alejandro Sanz;Mi Soledad Y Yo (Audio RBT);RingBackTone;Mi_Soledad_Y_Yo_Audio_RBT-Latinos-Alejandro_Sanz.mp3
A10302B0000182803G;Alejandro Sanz;Pisando Fuerte (Audio RBT);RingBackTone;Pisando_Fuerte_Audio_RBT-Latinos-Alejandro_Sanz.mp3
A10302B0000182804E;Alejandro Sanz;Si Tu Me Miras (Audio RBT);RingBackTone;Si_Tu_Me_Miras_Audio_RBT-Latinos-Alejandro_Sanz.mp3
A10302B0000182806A;Alejandro Sanz;Labana (Audio RBT);RingBackTone;Labana_Audio_RBT-Latinos-Alejandro_Sanz.mp3
A10302B0000189131Q;Maná;Mariposa traicionera (Master Ringback);RingBackTone;Mariposa_traicionera_Master_Ringback-Latinos-Man.mp3
A10302B0000191412U;Rosana;Llueve (Audio RBT);RingBackTone;Llueve_Audio_RBT-Latinos-Rosana.mp3
A10302B0000191417K;Rosana;Agua bendita (Audio RBT);RingBackTone;Agua_bendita_Audio_RBT-Latinos-Rosana.mp3
A10302B0000191422Q;Rosana;Quiero [la casa del sol] (Audio RBT);RingBackTone;Quiero_la_casa_del_sol_Audio_RBT-Latinos-Rosana.mp3
A10302B0000191428E;Rosana;Te debo este sueño (Audio RBT);RingBackTone;Te_debo_este_sueo_Audio_RBT-Latinos-Rosana.mp3
A10302B0000191433K;Rosana;Carta urgente (Audio RBT);RingBackTone;Carta_urgente_Audio_RBT-Latinos-Rosana.mp3
A10302B0000191493V;Rosana;Magia (Audio RBT);RingBackTone;Magia_Audio_RBT-Latinos-Rosana.mp3
A10302B0000191497N;Rosana;Con el sol en la maleta (Audio RBT);RingBackTone;Con_el_sol_en_la_maleta_Audio_RBT-Latinos-Rosana.mp3
A10302B00001915198;Rosana;Agitese antes de usar (audio RBT);RingBackTone;Agitese_antes_de_usar_audio_RBT-Latinos-Rosana.mp3
A10302B0000191524E;Rosana;Si tu lo adivinas (Audio RBT);RingBackTone;Si_tu_lo_adivinas_Audio_RBT-Latinos-Rosana.mp3
A10302B00001915286;Rosana;Se feliz... es gratis (Audio RBT);RingBackTone;Se_feliz_es_gratis_Audio_RBT-Latinos-Rosana.mp3
A10302B0000191533C;Rosana;Dando tumbos (Audio RBT);RingBackTone;Dando_tumbos_Audio_RBT-Latinos-Rosana.mp3
A10302B00001930398;La Ley;Animal;RingBackTone;Animal-Latino-La_Ley.mp3
A10302B0000193040M;La Ley;Delirando;RingBackTone;Delirando-Latino-La_Ley.mp3
A10302B0000193045C;La Ley;Tanta Ciudad;RingBackTone;Tanta_Ciudad-Latino-La_Ley.mp3
A10302B0000193046A;La Ley;Verano espacial;RingBackTone;Verano_espacial-Latino-La_Ley.mp3
A10302B00002365565;Eduardo Cruz;Tu Manera [Chorus] (Ringback Tone);RingBackTone;Tu_Manera_Chorus_Ringback_Tone-Latinos-Eduardo_Cruz.mp3
A10302B0000237228N;Red Hot Chili Peppers;Snow [Hey Oh] (Ringback);RingBackTone;Snow_Hey_Oh_Ringback-Rock-Red_Hot_Chili_Peppers.mp3
A10302B0000237231V;Red Hot Chili Peppers;Charlie (Ringback);RingBackTone;Charlie_Ringback-Rock-Red_Hot_Chili_Peppers.mp3
A10302B0000237234P;Red Hot Chili Peppers;Stadium Arcadium (Ringback);RingBackTone;Stadium_Arcadium_Ringback-Rock-Red_Hot_Chili_Peppers.mp3
A10302B0000237238H;Red Hot Chili Peppers;Hump de Bump (Ringback);RingBackTone;Hump_de_Bump_Ringback-Rock-Red_Hot_Chili_Peppers.mp3
A10302B0000237243N;Red Hot Chili Peppers;Wet Sand (Ringback);RingBackTone;Wet_Sand_Ringback-Rock-Red_Hot_Chili_Peppers.mp3
A10302B0000237247F;Red Hot Chili Peppers;Desecration Smile (Ringback);RingBackTone;Desecration_Smile_Ringback-Rock-Red_Hot_Chili_Peppers.mp3
A10302B0000237252L;Red Hot Chili Peppers;Tell Me Baby (Ringback);RingBackTone;Tell_Me_Baby_Ringback-Rock-Red_Hot_Chili_Peppers.mp3
A10302B0000237257B;Red Hot Chili Peppers;Readymade (Ringback);RingBackTone;Readymade_Ringback-Rock-Red_Hot_Chili_Peppers.mp3
A10302B0000237262H;Red Hot Chili Peppers;Turn It Again (Ringback);RingBackTone;Turn_It_Again_Ringback-Rock-Red_Hot_Chili_Peppers.mp3
A10302B00002383337;Red Hot Chili Peppers;Dani California [Bridge] (Ringback);RingBackTone;Dani_California_Bridge_Ringback-Rock-Red_Hot_Chili_Peppers.mp3
A10302B0000238338Y;Red Hot Chili Peppers;Dani California [Guitar Solo] (Ringback);RingBackTone;Dani_California_Guitar_Solo_Ringback-Rock-Red_Hot_Chili_Peppers.mp3
A10302B00002383425;Red Hot Chili Peppers;Dani California [She's A Lover] (Ringback);RingBackTone;Dani_California_Shes_A_Lover_Ringback-Rock-Red_Hot_Chili_Peppers.mp3
A10302B0000238346Y;Red Hot Chili Peppers;Dani California [Papa Was A Copper] (Ringback);RingBackTone;Dani_California_Papa_Was_A_Copper_Ringback-Rock-Red_Hot_Chili_Peppers.mp3
A10302B00002944373;Alejandro Sanz;A la primera persona;RingBackTone;A_la_primera_persona-Latinos-Alejandro_Sanz.mp3
A10302B0000301197G;Alejandro Sanz;12 por 8 (Audio RBT);RingBackTone;12_por_8_Audio_RBT-Latinos-Alejandro_Sanz.mp3
A10302B00003012093;Alejandro Sanz;Al olvido invito yo;RingBackTone;Al_olvido_invito_yo-Latinos-Alejandro_Sanz.mp3
A10302B0000301220D;Alejandro Sanz;Aquello Que Me Diste (Audio RBT);RingBackTone;Aquello_Que_Me_Diste_Audio_RBT-Latinos-Alejandro_Sanz.mp3
A10302B00003012309;Alejandro Sanz;Completamente Loca (Audio RBT);RingBackTone;Completamente_Loca_Audio_RBT-Latinos-Alejandro_Sanz.mp3
A10302B00003012333;Alejandro Sanz;Cuando Nadie Me Ve;RingBackTone;Cuando_Nadie_Me_Ve-Latinos-Alejandro_Sanz.mp3
A10302B0000301237W;Alejandro Sanz;Duelo Al Amanecer (Audio RBT);RingBackTone;Duelo_Al_Amanecer_Audio_RBT-Latinos-Alejandro_Sanz.mp3
A10302B00003012413;Alejandro Sanz;Ellos Son Asi (Audio RBT);RingBackTone;Ellos_Son_Asi_Audio_RBT-Latinos-Alejandro_Sanz.mp3
A10302B0000301247S;Alejandro Sanz;Eres Mia (Audio RBT);RingBackTone;Eres_Mia_Audio_RBT-Latinos-Alejandro_Sanz.mp3
A10302B0000301253W;Alejandro Sanz;Es Este Amor (Audio RBT);RingBackTone;Es_Este_Amor_Audio_RBT-Latinos-Alejandro_Sanz.mp3
A10302B0000301261W;Alejandro Sanz;Ese Que Me Dio La Vida (Audio RBT);RingBackTone;Ese_Que_Me_Dio_La_Vida_Audio_RBT-Latinos-Alejandro_Sanz.mp3
A10302B00003022698;Alejandro Sanz;Ese Ultimo Momento (Audio RBT);RingBackTone;Ese_Ultimo_Momento_Audio_RBT-Latinos-Alejandro_Sanz.mp3
A10302B0000302275C;Alejandro Sanz;Eso;RingBackTone;Eso-Latinos-Alejandro_Sanz.mp3
A10302B0000302283C;Alejandro Sanz;Hay Un Universo De Pequeñas Cosas (Audio RBT);RingBackTone;Hay_Un_Universo_De_Pequeas_Cosas_Audio_RBT-Latinos-Alejandro_Sanz.mp3
A10302B0000302304Y;Alejandro Sanz;Hicimos Un Trato (Audio RBT);RingBackTone;Hicimos_Un_Trato_Audio_RBT-Latinos-Alejandro_Sanz.mp3
A10302B0000302307S;Alejandro Sanz;Hoy llueve, hoy duele;RingBackTone;Hoy_llueve_hoy_duele-Latinos-Alejandro_Sanz.mp3
A10302B00003025194;Alejandro Sanz;¿Lo Ves?;RingBackTone;Lo_Ves-Latinos-Alejandro_Sanz.mp3
A10302B0000302572V;Alejandro Sanz;Regalame la silla donde te espere;RingBackTone;Regalame_la_silla_donde_te_espere-Latinos-Alejandro_Sanz.mp3
A10302B0000302609Z;Alejandro Sanz;Siempre Es De Noche;RingBackTone;Siempre_Es_De_Noche-Latinos-Alejandro_Sanz.mp3
A10302B00003205560;Luis Miguel;Santa Claus Llego A La Ciudad [Santa Claus Is Coming To Town] [Chorus];RingBackTone;Santa_Claus_Llego_A_La_Ciudad_Santa_Claus_Is_Coming_To_Town_Chorus-Latinos-Luis_Miguel.mp3
A10302B00003213439;Luis Miguel;Te Deseo Muy Felices Fiestas [Have Yourself A Merry Little Christmas] [Chorus];RingBackTone;Te_Deseo_Muy_Felices_Fiestas_Have_Yourself_A_Merry_Little_Christmas_Chorus-Latinos-Luis_Miguel.mp3
A10302B0000322631E;Luis Miguel;Llego La Navidad [Winter Wonderland] [Chorus];RingBackTone;Llego_La_Navidad_Winter_Wonderland_Chorus-Latinos-Luis_Miguel.mp3
A10302B00003226356;Luis Miguel;Mi Humilde Oracion [My Grown Up Christmas List] [Chorus];RingBackTone;Mi_Humilde_Oracion_My_Grown_Up_Christmas_List_Chorus-Latinos-Luis_Miguel.mp3
A10302B00003226508;Luis Miguel;Navidad, Navidad [Jingle Bells] [Chorus];RingBackTone;Navidad_Navidad_Jingle_Bells_Chorus-Latinos-Luis_Miguel.mp3
A10302B0000322685J;Luis Miguel;Noche De  Paz [Silent Night] [Chorus];RingBackTone;Noche_De__Paz_Silent_Night_Chorus-Latinos-Luis_Miguel.mp3
A10302B0000322689B;Luis Miguel;Blanca Navidad [White Christmas] [Chorus];RingBackTone;Blanca_Navidad_White_Christmas_Chorus-Latinos-Luis_Miguel.mp3
A10302B00003226997;Luis Miguel;Va A Nevar [Let It Snow, Let It Snow, Let It Snow] [Chorus];RingBackTone;Va_A_Nevar_Let_It_Snow_Let_It_Snow_Let_It_Snow_Chorus-Latinos-Luis_Miguel.mp3
A10302B0000351299Z;Madonna;Music Inferno [Live];RingBackTone;Music_Inferno_Live-Pop-Madonna.mp3
A10302B00003513033;Madonna;Sorry [Remix] [Live];RingBackTone;Sorry_Remix_Live-Pop-Madonna.mp3
A10302B0000372015D;Jarabe De Palo;Ole;RingBackTone;Ole-Latinos-Jarabe_De_Palo.mp3
A10302B0000380339A;The White Stripes;You Don't Know What Love Is [You Just Do As You're Told];RingBackTone;You_Dont_Know_What_Love_Is_You_Just_Do_As_Youre_Told-Rock-The_White_Stripes.mp3
A10302B0000380344G;The White Stripes;Conquest;RingBackTone;Conquest-Rock-The_White_Stripes.mp3
A10302B00003849263;Jarabe De Palo;Adelantando;RingBackTone;Adelantando-Latinos-Jarabe_De_Palo.mp3
A10302B0000384929Y;Jarabe De Palo;Blablabla;RingBackTone;Blablabla-Latinos-Jarabe_De_Palo.mp3
A10302B00004029557;The White Stripes;You Don't Know What Love Is [You Just Do As You're Told] [Intro];RingBackTone;You_Dont_Know_What_Love_Is_You_Just_Do_As_Youre_Told_Intro-Rock-The_White_Stripes.mp3
A10302B00004029581;The White Stripes;Conquest [Intro];RingBackTone;Conquest_Intro-Rock-The_White_Stripes.mp3
A10302B00004110343;Andres Calamaro;5 minutos mas [Minibar];RingBackTone;5_minutos_mas_Minibar-Latino-Andres_Calamaro.mp3
A10302B0000417120M;The Simpsons;The Simpsons Theme (Orchestral Version);RingBackTone;The_Simpsons_Theme_Orchestral_Version-Cine_y_TV-The_Simpsons.mp3
A10302B00004177984;The Simpsons;Recklessly Impulsive;RingBackTone;Recklessly_Impulsive-Cine_y_TV-The_Simpsons.mp3
A10302B00004178027;The Simpsons;Bart's Doodle;RingBackTone;Barts_Doodle-Cine_y_TV-The_Simpsons.mp3
A10302B00004178043;The Simpsons;Doomsday Is Family Time;RingBackTone;Doomsday_Is_Family_Time-Cine_y_TV-The_Simpsons.mp3
A10302B00004178060;The Simpsons;Release The Hounds;RingBackTone;Release_The_Hounds-Cine_y_TV-The_Simpsons.mp3
A10302B0000417808W;The Simpsons;Spider Pig;RingBackTone;Spider_Pig-Cine_y_TV-The_Simpsons.mp3
A10302B0000421336D;Andres Calamaro;Los chicos;RingBackTone;Los_chicos-Latino-Andres_Calamaro.mp3
A10302B0000421340L;Andres Calamaro;Carnaval de Brasil;RingBackTone;Carnaval_de_Brasil-Latino-Andres_Calamaro.mp3
A10302B0000421343F;Andres Calamaro;Mi gin tonic;RingBackTone;Mi_gin_tonic-Latino-Andres_Calamaro.mp3
A10302B00004213469;Andres Calamaro;Comedor piquetero;RingBackTone;Comedor_piquetero-Latino-Andres_Calamaro.mp3
A10302B0000421350H;Andres Calamaro;Sexy y barrigon;RingBackTone;Sexy_y_barrigon-Latino-Andres_Calamaro.mp3
A10302B0000421353B;Andres Calamaro;Soy tuyo;RingBackTone;Soy_tuyo-Latino-Andres_Calamaro.mp3
A10302B0000424613V;James Blunt;Annie [Intro];RingBackTone;Annie_Intro-Pop-James_Blunt.mp3
A10302B0000424616P;James Blunt;Annie;RingBackTone;Annie-Pop-James_Blunt.mp3
A10302B0000424626N;James Blunt;I Can't Hear The Music [Intro];RingBackTone;I_Cant_Hear_The_Music_Intro-Pop-James_Blunt.mp3
A10302B0000425370N;James Blunt;One Of The Brightest Stars [Intro];RingBackTone;One_Of_The_Brightest_Stars_Intro-Pop-James_Blunt.mp3
A10302B00004253787;James Blunt;One Of The Brightest Stars;RingBackTone;One_Of_The_Brightest_Stars-Pop-James_Blunt.mp3
A10302B00004253891;James Blunt;I'll Take Everything [Intro];RingBackTone;Ill_Take_Everything_Intro-Pop-James_Blunt.mp3
A10302B00004253939;James Blunt;I'll Take Everything;RingBackTone;Ill_Take_Everything-Pop-James_Blunt.mp3
A10302B0000425417N;James Blunt;I Really Want You [Intro];RingBackTone;I_Really_Want_You_Intro-Pop-James_Blunt.mp3
A10302B0000425421X;James Blunt;I Really Want You;RingBackTone;I_Really_Want_You-Pop-James_Blunt.mp3
A10302B0000425428J;James Blunt;Same Mistake [Intro];RingBackTone;Same_Mistake_Intro-Pop-James_Blunt.mp3
A10302B00004254499;James Blunt;Same Mistake;RingBackTone;Same_Mistake-Pop-James_Blunt.mp3
A10302B00004254579;James Blunt;Carry You Home [Intro];RingBackTone;Carry_You_Home_Intro-Pop-James_Blunt.mp3
A10302B0000425460J;James Blunt;Carry You Home;RingBackTone;Carry_You_Home-Pop-James_Blunt.mp3
A10302B00004254819;James Blunt;Give Me Some Love [Intro];RingBackTone;Give_Me_Some_Love_Intro-Pop-James_Blunt.mp3
A10302B0000425495Y;James Blunt;Give Me Some Love;RingBackTone;Give_Me_Some_Love-Pop-James_Blunt.mp3
A10302B0000425502V;James Blunt;Shine On [Intro];RingBackTone;Shine_On_Intro-Pop-James_Blunt.mp3
A10302B0000425505P;James Blunt;Shine On;RingBackTone;Shine_On-Pop-James_Blunt.mp3
A10302B0000440549H;Led Zeppelin;Good Times Bad Times;RingBackTone;Good_Times_Bad_Times-Clasicos-Led_Zeppelin.mp3
A10302B0000440552R;Led Zeppelin;Dazed And Confused;RingBackTone;Dazed_And_Confused-Clasicos-Led_Zeppelin.mp3
A10302B0000440555L;Led Zeppelin;Communication Breakdown;RingBackTone;Communication_Breakdown-Clasicos-Led_Zeppelin.mp3
A10302B0000440558F;Led Zeppelin;Whole Lotta Love;RingBackTone;Whole_Lotta_Love-Clasicos-Led_Zeppelin.mp3
A10302B0000440561P;Led Zeppelin;Heartbreaker;RingBackTone;Heartbreaker-Clasicos-Led_Zeppelin.mp3
A10302B0000440564J;Led Zeppelin;Living Loving Maid;RingBackTone;Living_Loving_Maid-Clasicos-Led_Zeppelin.mp3
A10302B0000440567D;Led Zeppelin;Moby Dick;RingBackTone;Moby_Dick-Clasicos-Led_Zeppelin.mp3
A10302B00004405867;Led Zeppelin;Bring It On Home;RingBackTone;Bring_It_On_Home-Clasicos-Led_Zeppelin.mp3
A10302B00004405891;Led Zeppelin;Immigrant Song;RingBackTone;Immigrant_Song-Clasicos-Led_Zeppelin.mp3
A10302B0000440592B;Led Zeppelin;Black Dog;RingBackTone;Black_Dog-Clasicos-Led_Zeppelin.mp3
A10302B00004405955;Led Zeppelin;Rock And Roll;RingBackTone;Rock_And_Roll-Clasicos-Led_Zeppelin.mp3
A10302B00004405980;Led Zeppelin;Stairway To Heaven;RingBackTone;Stairway_To_Heaven-Clasicos-Led_Zeppelin.mp3
A10302B00004406014;Led Zeppelin;Misty Mountain Hop;RingBackTone;Misty_Mountain_Hop-Clasicos-Led_Zeppelin.mp3
A10302B0000440637H;Led Zeppelin;When The Levee Breaks;RingBackTone;When_The_Levee_Breaks-Clasicos-Led_Zeppelin.mp3
A10302B0000440640R;Led Zeppelin;Dancing Days;RingBackTone;Dancing_Days-Clasicos-Led_Zeppelin.mp3
A10302B0000440643L;Led Zeppelin;D'yer Mak'er;RingBackTone;Dyer_Maker-Clasicos-Led_Zeppelin.mp3
A10302B0000440662F;Led Zeppelin;The Ocean;RingBackTone;The_Ocean-Clasicos-Led_Zeppelin.mp3
A10302B0000458834G;Miranda;Enamorada;RingBackTone;Enamorada-Pop-Miranda.mp3
A10302B0000499790T;R.E.M.;Living Well Is The Best Revenge;RingBackTone;Living_Well_Is_The_Best_Revenge-Rock-REM.mp3
A10302B0000499794L;R.E.M.;Man-Sized Wreath;RingBackTone;Man-Sized_Wreath-Rock-REM.mp3
A10302B0000499797F;R.E.M.;Hollow Man;RingBackTone;Hollow_Man-Rock-REM.mp3
A10302B00004998088;R.E.M.;Until The Day Is Done;RingBackTone;Until_The_Day_Is_Done-Rock-REM.mp3
A10302B00004998184;R.E.M.;Horse To Water;RingBackTone;Horse_To_Water-Rock-REM.mp3
A10302B0000510749V;Madonna;Candy Shop;RingBackTone;Candy_Shop-Pop-Madonna.mp3
A10302B0000510759R;Madonna;Give It 2 Me;RingBackTone;Give_It_2_Me-Pop-Madonna.mp3
A10302B0000510766T;Madonna;Heartbeat;RingBackTone;Heartbeat-Pop-Madonna.mp3
A10302B0000510773V;Madonna;Miles Away;RingBackTone;Miles_Away-Pop-Madonna.mp3
A10302B0000510779J;Madonna;She's Not Me;RingBackTone;Shes_Not_Me-Pop-Madonna.mp3
A10302B0000510789H;Madonna;Beat Goes On;RingBackTone;Beat_Goes_On-Pop-Madonna.mp3
A10302B0000510811G;Madonna;Devil Wouldn't Recognize You;RingBackTone;Devil_Wouldnt_Recognize_You-Pop-Madonna.mp3
A10302B0000511114D;Luis Miguel;Te desean;RingBackTone;Te_desean-Latinos-Luis_Miguel.mp3
A10302B00005111265;Luis Miguel;Si tu te atreves [Ringback] (00:00:30);RingBackTone;Si_tu_te_atreves_Ringback-Latinos-Luis_Miguel.mp3
A10302B0000511130D;Luis Miguel;Complices (Ringback) (00:00:30);RingBackTone;Complices_Ringback-Latinos-Luis_Miguel.mp3
A10302B0000513100U;Luis Miguel;Tu imaginacion (Ringback);RingBackTone;Tu_imaginacion_Ringback-Latinos-Luis_Miguel.mp3
A10302B0000530491Q;Luis Miguel;Dicen;RingBackTone;Dicen-Latinos-Luis_Miguel.mp3
A10302B0000530497E;Luis Miguel;Ay Carino;RingBackTone;Ay_Carino-Latinos-Luis_Miguel.mp3
A10302B0000530578C;Luis Miguel;De nuevo el paraiso;RingBackTone;De_nuevo_el_paraiso-Latinos-Luis_Miguel.mp3
A10302B0000530592G;Luis Miguel;Amor a mares;RingBackTone;Amor_a_mares-Latinos-Luis_Miguel.mp3
A10302B00005305968;Luis Miguel;Estrenando amor;RingBackTone;Estrenando_amor-Latinos-Luis_Miguel.mp3
A10302B00005306027;Luis Miguel;Bravo amor bravo;RingBackTone;Bravo_amor_bravo-Latinos-Luis_Miguel.mp3
A10302B0000530607Y;Luis Miguel;Amor de hecho;RingBackTone;Amor_de_hecho-Latinos-Luis_Miguel.mp3
A10302B00005306140;Luis Miguel;Se amaban;RingBackTone;Se_amaban-Latinos-Luis_Miguel.mp3
A10302B0000665040U;Laura Pausini;Invece no;RingBackTone;Invece_no-Latinos-Laura_Pausini.mp3
A10302B00006652606;Ricardo Arjona;Como duele;RingBackTone;Como_duele-Latinos-Ricardo_Arjona.mp3
A10302B0000746762K;Ricardo Arjona;Vuelo;RingBackTone;Vuelo-Latinos-Ricardo_Arjona.mp3
A10302B00007467776;Ricardo Arjona;El Demonio En Casa;RingBackTone;El_Demonio_En_Casa-Latinos-Ricardo_Arjona.mp3
A10302B0000746780G;Ricardo Arjona;Quinto Piso;RingBackTone;Quinto_Piso-Latinos-Ricardo_Arjona.mp3
