A10302B0000458933A;Miranda;Perfecta;RingBackTone;Miranda-Perfecta-Latino.mp3
A10302B0000458834G;Miranda;Enamorada;RingBackTone;Miranda-Enamorada-Latino.mp3
A10302B0000458843E;Miranda;Hola;RingBackTone;Miranda-Hola-Latino.mp3
A10302B00004589364;Miranda;Prisionero;RingBackTone;Miranda-Prisionero-Latino.mp3
A10302B0000458939X;Miranda;Vete de aqui;RingBackTone;Miranda-Vete_de_aqui-Latino.mp3
A10302B0000918925L;Miranda;Mentia;RingBackTone;Miranda-Mentia-Latino.mp3
A10302B0000942530M;Miranda;Chicas;RingBackTone;Miranda-Chicas-Latino.mp3
A10302B0000942111N;Miranda;Don;RingBackTone;Miranda-Don-Latino.mp3
A10302B0000942103N;Miranda;Yo te diré;RingBackTone;Miranda-Yo_te_dire-Latino.mp3
A10302B0000942133B;Miranda;Traición;RingBackTone;Miranda-Traicion-Latino.mp3
A10302B0000942535C;Miranda;Bailarina;RingBackTone;Miranda-Bailarina-Latino.mp3
A10302B00009421437;Miranda;Iman;RingBackTone;Miranda-Iman-Latino.mp3
A10302B0000942097S;Miranda;El Profe;RingBackTone;Miranda-El_Profe-Latino.mp3
A10302B0000942581Z;Miranda;Romix;RingBackTone;Miranda-Romix-Latino.mp3
A10302B0000942588L;Miranda;Otra Vez (vivo);RingBackTone;Miranda-Otra_Vez_(vivo)-Latino.mp3
A10302B0000942594R;Miranda;Mi Propia Vida;RingBackTone;Miranda-Mi_Propia_Vida-Latino.mp3
A10302B0000942599H;Miranda;Uno los Dos;RingBackTone;Miranda-Uno_los_Dos-Latino.mp3
A10302B00009420913;Miranda;Tu Juego;RingBackTone;Miranda-Tu_Juego-Latino.mp3
A10302B00009426274;Miranda;Navidad;RingBackTone;Miranda-Navidad-Latino.mp3
A10302B0000942638X;Miranda;Quereme…Tengo Frio;RingBackTone;Miranda-QueremeTengo_Frio-Latino.mp3
