alcatel_elle_n1_drutt;3782
alcatel_oh1c_drutt;1547
alcatel_one_touch_c550_drutt;702
alcatel_one_touch_c551_drutt;1548
alcatel_one_touch_c552_drutt;599
alcatel_one_touch_c630_drutt;790
alcatel_one_touch_c652_drutt;812
alcatel_one_touch_c701_drutt;2605
alcatel_one_touch_c707_drutt;2459
alcatel_one_touch_c717_drutt;2682
alcatel_one_touch_c750_drutt;810
alcatel_one_touch_c820_drutt;2278
alcatel_one_touch_c825_drutt;2581
alcatel_one_touch_s319_drutt;3887
alcatel_one_touch_s520_drutt;3385
alcatel_one_touch_s621_drutt;4060
alcatel_one_touch_s853_alternative_ua_drutt;695
alcatel_one_touch_s853_drutt;695
alcatel_one_touch_s920_drutt;4062
alcatel_one_touch_v770_drutt;3295
alcatel_ot301_drutt;1541
alcatel_ot311_drutt;1543
alcatel_ot332_drutt;25
alcatel_ot355_drutt;100
alcatel_ot500_drutt;1549
alcatel_ot501_drutt;1542
alcatel_ot511_drutt;1544
alcatel_ot525_drutt;24
alcatel_ot535_drutt;99
alcatel_ot556_557_565_drutt;101
alcatel_ot715_drutt;1545
alcatel_ot735i_drutt;1
alcatel_ot756_757_drutt;98
alcatel_ot835_drutt;590
alcatel_otc651_drutt;1128
alcatel_otdb_drutt;1540
amoi_8512_drutt;2916
amoi_9201_drutt;2915
amoi_m636_drutt;3505
audiovox_cdm8200_drutt;1474
audiovox_cdm8300_drutt;1475
audiovox_cdm8400_drutt;1476
audiovox_cdm8450_drutt;1477
audiovox_cdm8450sp_drutt;1478
audiovox_cdm_8455_drutt;3013
audiovox_cdm8500_drutt;1479
audiovox_cdm8600_drutt;1480
audiovox_cdm8900_telus_drutt;1481
audiovox_cdm8900_verizon_drutt;1481
audiovox_cdm8910_drutt;1484
audiovox_cdm8912sp_drutt;1486
audiovox_cdm_8915_drutt;1499
audiovox_cdm8920_drutt;1498
audiovox_cdm_8930_drutt;1488
audiovox_cdm8940_drutt;1489
audiovox_cdm_8945_drutt;1491
audiovox_cdm9100_drutt;1492
audiovox_cdm9155gpx_drutt;1493
audiovox_cdm_9500_drutt;1494
audiovox_cdm_9900_drutt;1495
audiovox_cdm9950sp_drutt;3041
audiovox_smt5600_drutt;1497
benq_athena_s830c_drutt;1995
benq_m300_drutt;336
benq_m305_drutt;2545
benq_m315_drutt;1996
benq_m350_drutt;816
benq_m580_drutt;906
benq_morpheus_drutt;1997
benq_nike1_s660c_drutt;327
benq_p30_drutt;1998
benq_p50_drutt;668
benq_s660c_drutt;327
benq_s668c_drutt;2000
benq_s670c_drutt;2001
benq_s680c_drutt;817
benq_s700_drutt;818
benq_s80_drutt;819
benq_s82_drutt;1999
benq_siemens_al26_drutt;3506
benq_siemens_c31_drutt;2504
benq_siemens_c81_drutt;2092
benq_siemens_cl71_drutt;2427
benq_siemens_e52_drutt;2511
benq_siemens_e81_drutt;2006
benq_siemens_ef71_drutt;2435
benq_siemens_ef91_drutt;4002
benq_siemens_el71_drutt;3472
benq_siemens_sf71_drutt;3246
benq_siemens_sl80_drutt;2093
benq_siemens_sl91_drutt;2096
elson_el370_drutt;1722
enteos_igo_600_drutt;1723
ericsson_a2618_drutt;1724
ericsson_mc218_drutt;1732
ericsson_r280_drutt;1729
ericsson_r320_drutt;1730
ericsson_r380e_drutt;1731
ericsson_r520_drutt;1731
ericsson_t100_drutt;1725
ericsson_t20_drutt;1726
ericsson_t600_drutt;1727
ericsson_t60d_drutt;1728
ezze_sl308_drutt;2980
fly_2040_drutt;2983
fly_mp600_drutt;2974
fly_mx230_drutt;2975
fly_sl300_drutt;2976
fly_sx220_drutt;2977
fly_sx240_drutt;2978
fly_sx300_drutt;2979
fly_x10_drutt;1537
hisense_d806_drutt;3039
hisense_d907_drutt;3102
hitachi_p300_drutt;3960
hp_ipaq_910c_drutt;1529
hp_ipaq_h6300_series_drutt;1530
hp_ipaq_hw6500_drutt;1531
hp_ipaq_hw6510_drutt;2312
hp_ipaq_hw6900_series_drutt;2647
htc_8500_drutt;4086
htc_k_jam_drutt;2940
htc_mp6950_drutt;2865
htc_mteor_drutt;2926
htc_p3300_alternative_ua_drutt;2927
htc_p3300_drutt;2927
htc_p3350_alternative_ua_drutt;3497
htc_p3350_drutt;3497
htc_p3400_drutt;3528
htc_p3450_alternative_ua_drutt;2864
htc_p3470_drutt;4119
htc_p3600_alternative_ua_drutt;4061
htc_p3600_drutt;4061
htc_p3600_trinity_drutt;4061
htc_p3650_opera_drutt;2866
htc_p4300_drutt;3482
htc_p4350_drutt;2862
htc_p4550_kaiser_drutt;2862
htc_p5500_alternative_ua_drutt;2928
htc_p5500_drutt;2868
htc_p6300_drutt;3578
htc_s310_drutt;2863
htc_s620_drutt;2869
htc_s621_drutt;2929
htc_spv_c600_drutt;3811
htc_spv_m5000_drutt;4203
htc_spv_m600_drutt;3555
htc_touch_6900_drutt;2870
htc_touch_drutt;2867
htc_x7500_drutt;2546
htc_x7500_iemobile__alternative_ua_drutt;2546
htc_x7500_iemobile_drutt;2546
huawei_c7168_drutt;2614
huawei_c7188_drutt;3620
huawei_u121_drutt;3468
huawei_u1300_drutt;2521
huawei_u526_drutt;3589
huawei_u528_drutt;3633
idea_802_drutt;2016
i_mate_jama_101_drutt;2017
innostream_i2500_drutt;2010
innostream_i2600_drutt;2011
innostream_inno35_drutt;2012
innostream_inno_50_drutt;2013
innostream_inno89_drutt;2014
innostream_inno90_drutt;2015
kyocera_3245_drutt;2642
kyocera_k4xxl_drutt;2541
kyocera_k612_drutt;2591
kyocera_kx414c_drutt;2311
lg_4010_drutt;1794
lg_500_drutt;1760
lg_8700_drutt;2563
lg_a7110_drutt;1761
lg_a7150_drutt;961
lg_b2000_drutt;1762
lg_b2050_drutt;669
lg_b2060_drutt;2589
lg_b2070_drutt;2726
lg_b2100_drutt;1763
lg_b2150_drutt;1764
lg_b2250_drutt;2105
lg_c1100_drutt;406
lg_c1150_drutt;1145
lg_c1200_drutt;407
lg_c1300_drutt;1129
lg_c1300i_drutt;2817
lg_c1400_drutt;1767
lg_c1500_drutt;962
lg_c2000_drutt;963
lg_c2100_drutt;1768
lg_c2200_drutt;964
lg_c2500_drutt;1147
lg_c2600_drutt;2725
lg_c260_drutt;2725
lg_c3100_drutt;264
lg_c3300_drutt;965
lg_c3310_drutt;966
lg_c3320_drutt;967
lg_c3380_drutt;1769
lg_c3400_drutt;969
lg_c3600_drutt;3354
lg_c686_drutt;1766
lg_c910_drutt;3451
lg_ce110_drutt;2748
lg_ce500_drutt;1770
lg_cg225_drutt;2094
lg_cg300_drutt;2107
lg_cu320_drutt;2413
lg_cu400_drutt;2404
lg_cu405_drutt;2749
lg_cu500_drutt;820
lg_cu515_drutt;2750
lg_cu575_drutt;2751
lg_cu6260_drutt;1771
lg_cu8080_drutt;1772
lg_cu8180_drutt;1773
lg_cu8188_drutt;1774
lg_cu8280_drutt;1775
lg_cu8380_drutt;1776
lg_cu915_drutt;3500
lg_cx5450_drutt;1807
lg_db230_drutt;1857
lg_db520_drutt;1848
lg_db525_drutt;1849
lg_dg200_drutt;1777
lg_dm515h_drutt;1854
lg_easy_shot_bx5450_drutt;1765
lge_pm225_drutt;1146
lg_f1200_drutt;971
lg_f2250_drutt;1781
lg_f2300_drutt;972
lg_f2400_drutt;973
lg_f2410_drutt;1782
lg_f2500_drutt;1783
lg_f3000_drutt;1784
lg_f7100_drutt;1785
lg_f7200_drutt;974
lg_f7250_drutt;408
lg_f9100_drutt;976
lg_g1100_drutt;1789
lg_g1500_drutt;1790
lg_g1600_drutt;1791
lg_g1610_drutt;3345
lg_g1800_drutt;3467
lg_g262_drutt;2417
lg_g3000_drutt;1792
lg_g3100_drutt;1793
lg_g4011_drutt;1795
lg_g4015_drutt;670
lg_g4020_drutt;1796
lg_g4050_drutt;1797
lg_g510_drutt;1786
lg_g5200_drutt;1802
lg_g5220c_drutt;1803
lg_g5300_drutt;107
lg_g5300i_drutt;3492
lg_g5310_drutt;1804
lg_g5400_drutt;106
lg_g5410_drutt;1799
lg_g5500_drutt;1805
lg_g5600_drutt;1800
lg_g6070_drutt;1801
lg_g650_drutt;1787
lg_g7000_drutt;1862
lg_g7020_drutt;1863
lg_g7030_drutt;1864
lg_g7050_drutt;105
lg_g7070_drutt;1865
lg_g7100_drutt;405
lg_g7110_drutt;1806
lg_g7120_drutt;1866
lg_g7200_drutt;1867
lg_g8000_drutt;1868
lg_g8000i_drutt;1869
lg_g828_drutt;1788
lg_kc550_drutt;3432
lg_kc780_drutt;3699
lg_ke260_drutt;2446
lg_ke500_drutt;2374
lg_ke520_drutt;3268
lg_ke600_drutt;2493
lg_ke770_drutt;2483
lg_ke800_drutt;821
lg_ke820_drutt;3210
lg_ke850_drutt;2586
lg_ke970_drutt;729
lg_ke990_drutt;3380
lg_kf240_drutt;3756
lg_kf300_drutt;3356
lg_kf310_drutt;3303
lg_kf510_drutt;3257
lg_kf600_drutt;3379
lg_kf690_drutt;3915
lg_kf700_drutt;3501
lg_kf750_drutt;3282
lg_kf755_drutt;3372
lg_kg110_drutt;782
lg_kg120_drutt;2730
lg_kg130_drutt;2497
lg_kg195_drutt;3499
lg_kg200_drutt;2732
lg_kg210_drutt;1149
lg_kg220_drutt;1778
lg_kg225_drutt;822
lg_kg240_drutt;1779
lg_kg245_drutt;2108
lg_kg280_drutt;2611
lg_kg290_drutt;2109
lg_kg296_drutt;3829
lg_kg300_drutt;904
lg_kg320_drutt;2757
lg_kg70_drutt;3285
lg_kg800_drutt;823
lg_kg810_drutt;726
lg_kg90_drutt;3590
lg_kg920_drutt;2601
lg_km380_drutt;3437
lg_km500_drutt;2690
lg_km710_drutt;3743
lg_kp110_drutt;3256
lg_kp130_drutt;3580
lg_kp170_drutt;3870
lg_kp200_drutt;3470
lg_kp202_drutt;2448
lg_kp215_drutt;3148
lg_kp220_drutt;3906
lg_kp235_drutt;3191
lg_kp265_drutt;3907
lg_kp320_drutt;4029
lg_ks10_drutt;2625
lg_ks20_drutt;2626
lg_kt520_drutt;3429
lg_ku250_drutt;2421
lg_ku311_drutt;980
lg_ku380_drutt;2613
lg_ku385_drutt;3029
lg_ku450_drutt;2391
lg_ku580_drutt;2598
lg_ku730_drutt;1780
lg_ku800_drutt;979
lg_ku950_drutt;2595
lg_ku970_drutt;727
lg_ku990_drutt;2876
lg_l1100_drutt;628
lg_l1150_drutt;1809
lg_l1200_drutt;1810
lg_l1400_drutt;977
lg_l1400i_drutt;2111
lg_l3100_drutt;978
lg_l341i_drutt;340
lg_l5100_drutt;1811
lg_l600v_drutt;725
lg_lg3200_drutt;1812
lg_lg4600_drutt;1813
lg_lg5400_drutt;1798
lg_lg550_drutt;3022
lg_lg6100_drutt;1814
lg_lg830_drutt;3953
lg_lg8380_drutt;1815
lg_lp1000_drutt;1847
lg_lx150_drutt;981
lg_lx160_drutt;3952
lg_lx260_drutt;3872
lg_lx5350_drutt;1856
lg_lx535_drutt;1855
lg_lx570_drutt;3457
lg_m4300_drutt;1816
lg_m4330_drutt;2708
lg_m4410_drutt;1817
lg_m6100_drutt;1818
lg_me500c_drutt;1819
lg_me540c_drutt;1820
lg_me550_drutt;2168
lg_me591_drutt;982
lg_me770_drutt;3415
lg_me970_drutt;983
lg_mg101_drutt;985
lg_mg105_drutt;672
lg_mg110_drutt;808
lg_mg120_drutt;1881
lg_mg150_drutt;632
lg_mg155c_drutt;2103
lg_mg180_drutt;3092
lg_mg185_drutt;1183
lg_mg191a_drutt;673
lg_mg200_drutt;601
lg_mg220_drutt;2753
lg_mg280_drutt;2079
lg_mg295_drutt;2422
lg_mg296_drutt;2293
lg_mg300_drutt;2322
lg_mg320_drutt;1168
lg_mg530_drutt;2113
lg_mg610c_drutt;1822
lg_mg800_drutt;1823
lg_mg810_drutt;671
lg_mm535_drutt;1824
lg_mu500_drutt;1186
lg_mx200_drutt;2547
lg_mx510_drutt;2086
lg_mx7000_drutt;2291
lg_og200_drutt;1825
lg_p7200_drutt;994
lg_pm325_drutt;1827
lg_s5000_drutt;2114
lg_s5100_drutt;1828
lg_s5200_drutt;1829
lg_s5300_drutt;2401
lg_t5100_drutt;995
lg_tm250_drutt;1858
lg_tm510_drutt;1859
lg_tm520_drutt;1860
lg_tm540c_drutt;1861
lg_u300_drutt;905
lg_u310_drutt;2375
lg_u400_drutt;2389
lg_u8100_drutt;103
lg_u8110_drutt;540
lg_u8120_drutt;544
lg_u8130_drutt;409
lg_u8138_drutt;545
lg_u8150_drutt;104
lg_u8180_drutt;546
lg_u8200_drutt;1850
lg_u8210_drutt;996
lg_u8290_drutt;997
lg_u830_drutt;828
lg_u8330_drutt;547
lg_u8360_drutt;591
lg_u8380_drutt;592
lg_u8500_drutt;998
lg_u8550_drutt;1852
lg_u880_drutt;548
lg_u890_drutt;1851
lg_u900_drutt;2380
lg_u960_drutt;2627
lg_u970_drutt;3789
lg_v9000_drutt;2677
lg_vi5225_drutt;1870
lg_vx3100_drutt;1871
lg_vx3200_drutt;1872
lg_vx4500_drutt;1873
lg_vx4600_drutt;1874
lg_vx5200_drutt;1831
lg_vx6000_drutt;1875
lg_vx6100_drutt;1835
lg_vx7000_drutt;1878
lg_vx8000_drutt;1837
lg_vx8100_drutt;1839
lg_vx8300_drutt;1841
lg_vx8500_drutt;1843
lg_vx9800_drutt;1845
lg_w800_drutt;1853
maxon_o2_x1_drutt;1826
microsoft_iemobile_6x_drutt;2520
mitsubishi_m341i_drutt;3489
mitsubishi_m520_drutt;1535
mitsubishi_m800_drutt;1536
motorola_270c_drutt;1554
motorola_280_drutt;1635
motorola_a1000_drutt;410
motorola_a1200_drutt;2087
motorola_a630_drutt;87
motorola_a668_drutt;1567
motorola_a728_drutt;1568
motorola_a732_drutt;1569
motorola_a760_drutt;1570
motorola_a768_drutt;2746
motorola_a780_altua1_drutt;1571
motorola_a780_drutt;1571
motorola_a820_drutt;1599
motorola_a830_drutt;1600
motorola_a835_drutt;90
motorola_a840_drutt;1601
motorola_a845_drutt;523
motorola_a890_drutt;1604
motorola_a910_drutt;2104
motorola_a920_drutt;1572
motorola_a925_drutt;2099
motorola_accompli_A008_A388_drutt;313
motorola_c115_drutt;1632
motorola_c155_drutt;373
motorola_c168_drutt;1606
motorola_c200_drutt;34
motorola_c257_drutt;2124
motorola_c261_drutt;651
motorola_c290_drutt;2632
motorola_c305_drutt;2325
motorola_c330_drutt;2089
motorola_c331_drutt;3
motorola_c350_drutt;36
motorola_c353_drutt;4
motorola_c357_drutt;2276
motorola_c370_drutt;1608
motorola_c375_drutt;1609
motorola_c380_drutt;353
motorola_c381_drutt;354
motorola_c384_drutt;517
motorola_c385_drutt;394
motorola_c390_drutt;462
motorola_c450_drutt;81
motorola_c510_drutt;1615
motorola_c550_drutt;82
motorola_c650_drutt;225
motorola_c651_drutt;463
motorola_c698p_drutt;467
motorola_c975_drutt;411
motorola_c980_drutt;412
motorola_cn620_drutt;1617
motorola_e1000_drutt;413
motorola_e1070_drutt;1628
motorola_e1_drutt;611
motorola_e2_drutt;785
motorola_e365_drutt;86
motorola_e375_drutt;524
motorola_e378i_drutt;358
motorola_e380_drutt;37
motorola_e398_drutt;414
motorola_e550_drutt;328
motorola_e610_drutt;1620
motorola_e680_drutt;1621
motorola_e680i_drutt;1622
motorola_e6_drutt;2232
motorola_e770v_drutt;723
motorola_e790_drutt;415
motorola_e798_drutt;1623
motorola_e815_drutt;1564
motorola_e825_drutt;1625
motorola_e895_drutt;1626
motorola_i205_drutt;1593
motorola_i265_drutt;1586
motorola_i285_drutt;1583
motorola_i305_drutt;1578
motorola_i30sx_drutt;1562
motorola_i315_drutt;1576
motorola_i325_drutt;1575
motorola_i355_drutt;1592
motorola_i415_drutt;1595
motorola_i500plus_i550plus_drutt;1558
motorola_i530_drutt;1558
motorola_i560_drutt;1574
motorola_i605_drutt;1585
motorola_i700plus_drutt;1553
motorola_i700plus_i1000plus_drutt;1553
motorola_i730_drutt;1555
motorola_i740_drutt;1573
motorola_i80s_drutt;1559
motorola_i830_drutt;1579
motorola_i850_drutt;1587
motorola_i85s_i50sx_i55sr_drutt;1557
motorola_i860_drutt;1557
motorola_i88s_drutt;1557
motorola_i90c_drutt;1560
motorola_i95cl_drutt;1561
motorola_ic502_drutt;3749
motorola_ic902_drutt;3748
motorola_krzr_k1_drutt;705
motorola_krzr_k1m_drutt;2106
motorola_krzr_k3_drutt;912
motorola_l2_drutt;1633
motorola_l6_drutt;597
motorola_l7_drutt;472
motorola_l7e_drutt;2138
motorola_l9_drutt;2140
motorola_mpx200_drutt;89
motorola_mpx220_drutt;88
motorola_p8767_drutt;1634
motorola_pebl_u3_drutt;1159
motorola_pebl_u6_drutt;610
motorola_q_drutt;3094
motorola_razr2_v8_drutt;2115
motorola_razr2_v9_drutt;2077
motorola_razr2_v9m_drutt;3745
motorola_razr_v3xx_drutt;825
motorola_rizr_z10_drutt;2777
motorola_rizr_z8_drutt;2118
motorola_rokr_e1_drutt;611
motorola_rokr_e8_drutt;2234
motorola_st7867_drutt;1552
motorola_t192m_drutt;1624
motorola_t193_drutt;1631
motorola_t280_drutt;1635
motorola_t280i_drutt;1636
motorola_t33_drutt;1637
motorola_t720_drutt;125
motorola_t720i_drutt;124
motorola_t721_drutt;1638
motorola_t722_drutt;1639
motorola_t722i_drutt;1640
motorola_t725e_drutt;3784
motorola_t8167_drutt;380
motorola_ti260_drutt;1605
motorola_u9_drutt;1170
motorola_v100_drutt;1607
motorola_v1050_drutt;416
motorola_v1075_drutt;1002
motorola_v1100_drutt;2122
motorola_v150_drutt;229
motorola_v170_drutt;1642
motorola_v171_drutt;347
motorola_v172_drutt;362
motorola_v173_drutt;1643
motorola_v176_drutt;2126
motorola_v177_drutt;1644
motorola_v180_drutt;220
motorola_v185_drutt;516
motorola_v186_drutt;461
motorola_v188_drutt;528
motorola_v190_drutt;465
motorola_v191_drutt;706
motorola_v195_drutt;795
motorola_v197_drutt;2128
motorola_v200_drutt;417
motorola_v220_drutt;221
motorola_v226_drutt;519
motorola_v230_drutt;520
motorola_v235_drutt;466
motorola_v265_drutt;696
motorola_v276_drutt;1646
motorola_v290_drutt;1648
motorola_v300_drutt;38
motorola_v303_drutt;418
motorola_v330_drutt;469
motorola_v360_drutt;419
motorola_v361_drutt;473
motorola_v398_drutt;2141
motorola_v3c_drutt;2382
motorola_v3_drutt;314
motorola_v3i_drutt;422
motorola_v3r_drutt;992
motorola_v3x_drutt;593
motorola_v400_altua1_drutt;142
motorola_v500_drutt;143
motorola_v501_drutt;1651
motorola_v505_drutt;325
motorola_v525_drutt;83
motorola_v525m_drutt;2432
motorola_v535_drutt;420
motorola_v536_drutt;1652
motorola_v540_drutt;474
motorola_v545_drutt;421
motorola_v547_drutt;349
motorola_v550_drutt;312
motorola_v551_drutt;303
motorola_v555_drutt;397
motorola_v557_drutt;475
motorola_v560_drutt;468
motorola_v600_drutt;84
motorola_v60_drutt;167
motorola_v60i_drutt;2
motorola_v60_us_drutt;167
motorola_v620_drutt;310
motorola_v635_drutt;333
motorola_v66_drutt;258
motorola_v66i_drutt;166
motorola_v690_drutt;1653
motorola_v70_drutt;1641
motorola_v710_drutt;1563
motorola_v710_verizon_drutt;1563
motorola_v730_drutt;1655
motorola_v80_drutt;227
motorola_v810_drutt;1656
motorola_v860_drutt;1657
motorola_v868_drutt;1658
motorola_v870_drutt;1659
motorola_v872_drutt;1660
motorola_v878_drutt;249
motorola_v880_drutt;1661
motorola_v8_drutt;2115
motorola_v8_opera_drutt;2115
motorola_v975_drutt;372
motorola_v980_drutt;292
motorola_w213_drutt;2952
motorola_w220_drutt;778
motorola_w230_drutt;2277
motorola_w270_drutt;2577
motorola_w315_drutt;3772
motorola_w360_drutt;2131
motorola_w375_drutt;797
motorola_w377_drutt;2950
motorola_w380_drutt;2133
motorola_w395_drutt;2134
motorola_w510_drutt;830
motorola_z3_drutt;784
motorola_z6_drutt;2592
motorola_z6m_drutt;2955
motorola_z9_drutt;2594
nec_331i_drutt;330
nec_341i_drutt;359
nec_525_drutt;1890
nec_530_drutt;1891
nec_a232_drutt;1887
nec_c313_drutt;1888
nec_c616_drutt;2759
nec_db7000_drutt;1892
nec_e101_drutt;1893
nec_e121_drutt;3348
nec_e228_drutt;550
nec_e232_drutt;554
nec_e238_drutt;1894
nec_e242_drutt;1889
nec_e313_drutt;551
nec_e338_drutt;552
nec_e353_drutt;3484
nec_e373_drutt;2646
nec_e540_drutt;1895
nec_e606_drutt;1904
nec_e606_hutc_drutt;1904
nec_e616_drutt;549
nec_e949_drutt;780
nec_n100_drutt;2734
nec_n109_drutt;2687
nec_n110_drutt;1896
nec_n150_drutt;2672
nec_n343i_drutt;1905
nec_n411i_drutt;3483
nec_n535_drutt;1897
nec_n700_drutt;1898
nec_n710_drutt;1899
nec_n820_drutt;1901
nec_n840_drutt;1902
nec_n850_drutt;2673
nec_n8_drutt;1900
nec_n900_drutt;1903
nokia_1101_drutt;1198
nokia_1680_classic_drutt;3375
nokia_2112_drutt;604
nokia_2125_drutt;2553
nokia_2280_2285_drutt;1249
nokia_2355_drutt;605
nokia_2600_classic_drutt;337
nokia_2610_drutt;675
nokia_2626_drutt;831
nokia_2630_drutt;1185
nokia_2650_drutt;265
nokia_2660_drutt;2145
nokia_2680_slide_drutt;4067
nokia_2760_drutt;2146
nokia_2855_drutt;738
nokia_2865_drutt;1004
nokia_2865i_drutt;1005
nokia_3100_drutt;28
nokia_3105_drutt;478
nokia_3108_drutt;59
nokia_3109_classic_drutt;2147
nokia_3110_classic_drutt;832
nokia_3120c_drutt;3367
nokia_3120_drutt;60
nokia_3125_drutt;476
nokia_3128_drutt;1201
nokia_3152_drutt;739
nokia_3155_drutt;740
nokia_3155i_drutt;741
nokia_3200_drutt;30
nokia_3205_drutt;477
nokia_3220_drutt;268
nokia_3230_drutt;423
nokia_3230_opera_drutt;423
nokia_3250_drutt;676
nokia_3250_opera_drutt;676
nokia_3250_s60_browser_drutt;676
nokia_3300_drutt;80
nokia_3300_us_drutt;80
nokia_3320_drutt;10
nokia_3330_drutt;297
nokia_3350_drutt;1202
nokia_3360_drutt;206
nokia_3395_drutt;677
nokia_3410_cdma_drutt;69
nokia_3410_drutt;69
nokia_3500_classic_drutt;2148
nokia_3510_drutt;3479
nokia_3510i_drutt;55
nokia_3520_drutt;146
nokia_3530_drutt;61
nokia_3555_classic_drutt;2517
nokia_3560_drutt;151
nokia_3585i_drutt;539
nokia_3586i_drutt;2344
nokia_3587i_drutt;1203
nokia_3588i_drutt;2442
nokia_3589i_drutt;2258
nokia_3590_drutt;1204
nokia_3595_drutt;150
nokia_3600_drutt;149
nokia_3610_drutt;1206
nokia_3610_fold_drutt;3618
nokia_3620_drutt;368
nokia_3650_drutt;54
nokia_3650_up_drutt;54
nokia_3660_drutt;65
nokia_5000_drutt;3304
nokia_5070_drutt;794
nokia_5100_drutt;58
nokia_5125_drutt;11
nokia_5140_drutt;62
nokia_5140i_drutt;387
nokia_5200_drutt;704
nokia_5210_drutt;33
nokia_5220_xpressmusic_drutt;3363
nokia_5300_drutt;753
nokia_5310_drutt;2149
nokia_5310_xpress_music_drutt;2149
nokia_5320_xpress_music_drutt;3344
nokia_5500_sport_drutt;834
nokia_5510_drutt;1208
nokia_5555_drutt;1209
nokia_5610_drutt;2150
nokia_5700_drutt;2158
nokia_5700_s60_browser_drutt;2158
nokia_6010_drutt;1210
nokia_6012_drutt;1211
nokia_6015_drutt;1212
nokia_6015i_drutt;1261
nokia_6019i_drutt;3688
nokia_6020_drutt;424
nokia_6021_drutt;425
nokia_6030_drutt;426
nokia_6060_drutt;555
nokia_6061_drutt;655
nokia_6066_drutt;2966
nokia_6070_drutt;742
nokia_6080_drutt;743
nokia_6085__drutt;744
nokia_6086_drutt;835
nokia_6088_drutt;2574
nokia_6100_drutt;32
nokia_6101_drutt;338
nokia_6102_drutt;745
nokia_6102i_drutt;1007
nokia_6103_drutt;678
nokia_6108_drutt;401
nokia_6110_drutt;1213
nokia_6110_navigator_s60_browser_drutt;4185
nokia_6111_drutt;679
nokia_6120_classic_s60_browser_drutt;2420
nokia_6120_drutt;209
nokia_6121_classic_drutt;2159
nokia_6125_drutt;698
nokia_6126_drutt;754
nokia_6131_drutt;699
nokia_6133_drutt;907
nokia_6136_drutt;746
nokia_6151_drutt;747
nokia_6152_drutt;1214
nokia_6155_drutt;748
nokia_6155i_drutt;749
nokia_6165i_drutt;2200
nokia_6170_drutt;377
nokia_6200_drutt;117
nokia_6210_drutt;1215
nokia_6212_classic_drutt;3388
nokia_6215i_drutt;1216
nokia_6220_classic_drutt;3301
nokia_6220_classic_s60_browser_drutt;3301
nokia_6220_drutt;132
nokia_6225_alternative_ua_drutt;402
nokia_6225_drutt;402
nokia_6230_drutt;137
nokia_6230i_drutt;427
nokia_6233_drutt;755
nokia_6234_drutt;756
nokia_6235_drutt;480
nokia_6235i_drutt;481
nokia_6236i_drutt;1010
nokia_6250_drutt;1219
nokia_6255_drutt;1011
nokia_6255i_drutt;1220
nokia_6260_drutt;428
nokia_6260_opera_drutt;428
nokia_6263_drutt;2695
nokia_6265_drutt;757
nokia_6267_drutt;2151
nokia_6268_drutt;2152
nokia_6270_drutt;759
nokia_6275_drutt;760
nokia_6275i_drutt;761
nokia_6280_drutt;564
nokia_6282_drutt;762
nokia_6288_drutt;763
nokia_6290_drutt;908
nokia_6290_s60_browser_drutt;908
nokia_6300_drutt;909
nokia_6301_drutt;2461
nokia_6305i_drutt;1222
nokia_6310_drutt;529
nokia_6310i_drutt;529
nokia_6315i_drutt;1224
nokia_6340_drutt;1226
nokia_6340i_drutt;1227
nokia_6500_classic_drutt;2884
nokia_6500_drutt;1228
nokia_6500_slide_drutt;2887
nokia_6510_drutt;1229
nokia_6555_drutt;2153
nokia_6560_drutt;323
nokia_6585_drutt;429
nokia_6590_drutt;1230
nokia_6600_drutt;63
nokia_6600_fold_drutt;3289
nokia_6600_opera_drutt;63
nokia_6600_slide_drutt;3400
nokia_6610_drutt;66
nokia_6610i_drutt;385
nokia_6620_drutt;272
nokia_6630_drutt;430
nokia_6630_mozilla_drutt;430
nokia_6630_opera_drutt;1231
nokia_6638_drutt;1231
nokia_6650_drutt;1231
nokia_6651_drutt;1232
nokia_6670_drutt;431
nokia_6670_opera_drutt;431
nokia_6680_drutt;433
nokia_6680_opera_drutt;433
nokia_6681_drutt;435
nokia_6681_opera_drutt;435
nokia_6682_drutt;484
nokia_6708_drutt;1233
nokia_6800_drutt;64
nokia_6800_us_drutt;138
nokia_6810_drutt;139
nokia_6820_drutt;139
nokia_6822_drutt;479
nokia_7070_drutt;3320
nokia_7110_drutt;1234
nokia_7160_drutt;16
nokia_7190_drutt;1235
nokia_7200_drutt;140
nokia_7210_drutt;134
nokia_7210_supernova_drutt;3615
nokia_7250_drutt;141
nokia_7250i_drutt;31
nokia_7260_drutt;343
nokia_7270_drutt;381
nokia_7280_drutt;1236
nokia_7310_drutt;3377
nokia_7310_supernova_drutt;3378
nokia_7360_drutt;751
nokia_7370_drutt;764
nokia_7373_drutt;765
nokia_7380_drutt;1237
nokia_7390_drutt;766
nokia_7500_drutt;2155
nokia_7510_supernova_drutt;3582
nokia_7600_drutt;530
nokia_7610_drutt;67
nokia_7610_opera_drutt;67
nokia_7610_supernova_drutt;3386
nokia_7650_drutt;135
nokia_7650_opera_drutt;135
nokia_7700_drutt;1238
nokia_7710_drutt;1239
nokia_7900_drutt;2156
nokia_8265_drutt;14
nokia_8280_drutt;607
nokia_8290_drutt;1258
nokia_8310_drutt;383
nokia_8390_drutt;1240
nokia_8600_drutt;2157
nokia_8800_arte_drutt;3277
nokia_8800_drutt;553
nokia_8801_drutt;608
nokia_8855_drutt;1241
nokia_8860_drutt;270
nokia_8890_drutt;1242
nokia_8910_drutt;3496
nokia_8910i_drutt;136
nokia_9110_drutt;1243
nokia_9210c_drutt;1245
nokia_9210_drutt;1244
nokia_9210i_drutt;1246
nokia_9290_drutt;1247
nokia_9300_drutt;653
nokia_9300i_drutt;1248
nokia_9500_drutt;68
nokia_e50_drutt;767
nokia_e50__s60_browser__drutt;2387
nokia_e51_drutt;774
nokia_e51_s60_browser_drutt;774
nokia_e60_drutt;774
nokia_e60_opera_drutt;774
nokia_e60_s60_browser_drutt;768
nokia_e61_drutt;2162
nokia_e61i_drutt;2162
nokia_e61i_s60_browser_alternative_ua_drutt;768
nokia_e61i_s60_browser_drutt;768
nokia_e61_opera_drutt;768
nokia_e61_s60_browser_drutt;768
nokia_e62_drutt;1143
nokia_e65_drutt;913
nokia_e65_s60_browser_drutt;913
nokia_e65_s60_browser_nokia_e70_drutt;913
nokia_e66_drutt;3381
nokia_e70_drutt;775
nokia_e71_drutt;3387
nokia_e90_drutt;2369
nokia_e90_mozilla_drutt;2369
nokia_e90_s60_browser_drutt;482
nokia_n70_drutt;769
nokia_n70__opera__drutt;769
nokia_n71_drutt;752
nokia_n72_drutt;752
nokia_n73_drutt;703
nokia_n73_s60_browser_drutt;770
nokia_n75_drutt;836
nokia_n76_drutt;836
nokia_n76_s60_browser_drutt;2160
nokia_n77_drutt;3141
nokia_n78_drutt;3141
nokia_n78_s60_browser_drutt;3141
nokia_n80_drutt;776
nokia_n80_opera_drutt;2161
nokia_n81_alternative_ua_drutt;2537
nokia_n81_drutt;2537
nokia_n81_s60_browser__alternative_ua_drutt;737
nokia_n82_alternative_ua_drutt;737
nokia_n82_drutt;737
nokia_n90_drutt;483
nokia_n91_drutt;483
nokia_n91_opera_drutt;771
nokia_n92_drutt;772
nokia_n92_s60_browser_drutt;772
nokia_n93_drutt;901
nokia_n93i_drutt;901
nokia_n95_8gb_drutt;2410
nokia_n95_drutt;773
nokia_n95_s60_browser_drutt;773
nokia_n96_drutt;3142
nokia_ngage_drutt;53
nokia_ngage_opera_drutt;53
nokia_ngage_qd_drutt;309
nokia_thr880i_drutt;1262
o2_x4_drutt;2519
o2_x7_drutt;3888
o2_xdaii_drutt;3561
o2_xda_orbit_drutt;3565
onda_n5020_drutt;2651
opera_for_symbian_devices_drutt;2069
palmone_treo600_drutt;305
palmone_treo650_drutt;535
palmone_treo_680_drutt;1197
palm_treo_750_drutt;3961
panasonic_a200_drutt;1931
panasonic_a210_drutt;1932
panasonic_a500_drutt;900
panasonic_g50_drutt;111
panasonic_g51_drutt;170
panasonic_g60_drutt;113
panasonic_g70_drutt;1934
panasonic_gd35_drutt;1933
panasonic_gd55_drutt;44
panasonic_gd67_drutt;262
panasonic_gd75_drutt;1944
panasonic_gd76_drutt;1945
panasonic_gd87_drutt;224
panasonic_gd88_drutt;223
panasonic_gd95_drutt;1946
panasonic_gd96_drutt;1947
panasonic_mx6_drutt;2163
panasonic_mx7_drutt;2164
panasonic_sa6_drutt;1948
panasonic_sa7_drutt;1949
panasonic_vs2_drutt;1941
panasonic_vs3_drutt;910
panasonic_vs6_drutt;911
panasonic_vs7_drutt;1943
panasonic_x100_ver1;339
panasonic_x200_drutt;837
panasonic_x200p_drutt;3522
panasonic_x300_drutt;246
panasonic_x400_drutt;395
panasonic_x410_drutt;1942
panasonic_x500_drutt;869
panasonic_x60_drutt;169
panasonic_x66_drutt;1936
panasonic_x68_drutt;1937
panasonic_x700_drutt;344
panasonic_x701_drutt;1012
panasonic_x70_drutt;112
panasonic_x77_drutt;1938
panasonic_x800_drutt;1940
pantech_g200_drutt;2019
pantech_g300_drutt;2034
pantech_g500_drutt;2038
pantech_g600_drutt;2029
pantech_g670_drutt;2030
pantech_g700_drutt;2036
pantech_g800_drutt;2035
pantech_g900_drutt;2039
pantech_gb100_drutt;2033
pantech_gb200_drutt;2031
pantech_gb300_drutt;2037
pantech_gf100_drutt;2022
pantech_gf200_drutt;2020
pantech_gf200j_drutt;2021
pantech_gf500_drutt;2024
pantech_gi100j_drutt;2040
pantech_pg_1000s_drutt;2043
pantech_pg_1200_drutt;2044
pantech_pg_1210_drutt;2045
pantech_pg_1300_drutt;2046
pantech_pg_1400_drutt;2048
pantech_pg_1410_drutt;712
pantech_pg_1500_drutt;2051
pantech_pg_1600_drutt;2052
pantech_pg_1610__drutt;2053
pantech_pg_1900_drutt;2055
pantech_pg_2800_drutt;2056
pantech_pg3000_drutt;2057
pantech_pg_3200_drutt;2058
pantech_pg_3210_drutt;1130
pantech_pg_3300_drutt;2059
pantech_pg_3500_drutt;2060
pantech_pg_3600_drutt;2061
pantech_pg_3700_drutt;2062
pantech_pg_3810_drutt;2063
pantech_pg_3900_drutt;3521
pantech_pg_6100_drutt;2064
pantech_pg_6200_drutt;3045
pantech_pg_8000_drutt;2066
pantech_pg_c120_drutt;2243
pantech_pg_c300_drutt;2067
pantech_pn_215_drutt;2041
pantech_pn_3200_drutt;2058
pantech_pt_g310_drutt;2026
pantech_u_4000_drutt;2068
philips_162_drutt;1909
philips_350_drutt;251
philips_355_drutt;1910
philips_362_drutt;3523
philips_530_drutt;1913
philips_535_drutt;1914
philips_568_drutt;1915
philips_650_drutt;1921
philips_655_drutt;1922
philips_755_drutt;1923
philips_760_drutt;1924
philips_855_drutt;1929
philips_859_drutt;1930
philips_fisio_121_drutt;1906
philips_fisio_311_drutt;1907
philips_fisio_330_drutt;561
philips_fisio_620_drutt;1916
philips_fisio_625_drutt;1917
philips_fisio_630_drutt;1918
philips_fisio_636_drutt;1919
philips_fisio_639_drutt;1920
philips_fisio_820_drutt;1925
philips_fisio_822_drutt;1926
philips_fisio_825_drutt;1927
philips_fisio_826_drutt;1928
qtek_8010_drutt;2007
qtek_8020_drutt;3568
qtek_8080_drutt;2008
qtek_8310_drutt;2082
qtek_9000_drutt;2009
qtek_s200_drutt;3495
research_in_motion_6750_drutt;1503
research_in_motion_950_drutt;1501
research_in_motion_blackberry_5810_drutt;1504
research_in_motion_blackberry_5820_drutt;1505
research_in_motion_blackberry_6210_drutt;1506
research_in_motion_blackberry_6220_drutt;1507
research_in_motion_blackberry_6230_drutt;1508
research_in_motion_blackberry_6280_drutt;1509
research_in_motion_blackberry_6510_drutt;1510
research_in_motion_blackberry_6700_drutt;1511
research_in_motion_blackberry_6710_drutt;1512
research_in_motion_blackberry_6720_drutt;1513
research_in_motion_blackberry_6750_drutt;1503
research_in_motion_blackberry_7100_drutt;1169
research_in_motion_blackberry_7210_drutt;1515
research_in_motion_blackberry_7220_drutt;1516
research_in_motion_blackberry_7230_drutt;1517
research_in_motion_blackberry_7250_drutt;1518
research_in_motion_blackberry_7280_drutt;1519
research_in_motion_blackberry_7290_drutt;648
research_in_motion_blackberry_7510_drutt;1520
research_in_motion_blackberry_7520_drutt;1521
research_in_motion_blackberry_7730_drutt;1522
research_in_motion_blackberry_7750_drutt;1523
research_in_motion_blackberry_7780_drutt;1524
research_in_motion_blackberry_8700_drutt;1135
research_in_motion_blackberry_8707_drutt;3538
research_in_motion_blackberry_charm_drutt;1528
research_in_motion_ltd_8310_drutt;2579
research_in_motion_ltd_blackberry_7130_drutt;2319
research_in_motion_ltd_blackberry_8100_drutt;3466
research_in_motion_ltd_blackberry_8110_drutt;2954
research_in_motion_ltd_blackberry_8130_drutt;3466
research_in_motion_ltd_blackberry_8300_drutt;1158
research_in_motion_ltd_blackberry_8320_drutt;4036
research_in_motion_ltd_blackberry_8330_drutt;3759
research_in_motion_ltd_blackberry_8703_drutt;1525
research_in_motion_ltd_blackberry_8800_drutt;2088
research_in_motion_ltd_blackberry_8820_drutt;3441
research_in_motion_ltd_blackberry_8830_drutt;3504
research_in_motion_ltd_blackberry_9000_drutt;3323
research_in_motion_ltd_blackberry_pearl_8120_drutt;2295
sagem_3xxx_drutt;1662
sagem_co210_drutt;1682
sagem_my201x_drutt;1683
sagem_my202x_drutt;2835
sagem_my300c_drutt;3212
sagem_my300_drutt;3234
sagem_my301_drutt;3290
sagem_my302x_drutt;3779
sagem_my312_drutt;3189
sagem_my400v_drutt;2431
sagem_my401x_drutt;2119
sagem_my405x_drutt;2167
sagem_my411x_drutt;3220
sagem_my419_drutt;2731
sagem_my421_drutt;3508
sagem_my429_drutt;3507
sagem_my500x_drutt;2740
sagem_my511x_drutt;3469
sagem_my519_drutt;3510
sagem_my521_drutt;3989
sagem_my600x_drutt;1681
sagem_my700x_drutt;3208
sagem_my721_drutt;3461
sagem_my750_drutt;3591
sagem_my850_drutt;2834
sagem_my855_drutt;3481
sagem_my900_drutt;3424
sagem_my901_drutt;2619
sagem_myc2_2_drutt;1686
sagem_myc2_3_drutt;1687
sagem_myc_2_drutt;1686
sagem_myc3_2_drutt;1691
sagem_myc_3b_drutt;1690
sagem_myc_3_drutt;1689
sagem_myc_3s_drutt;3674
sagem_myc4_2_drutt;1022
sagem_myc_4_drutt;1021
sagem_myc5_2_drutt;2169
sagem_myc5_2t_drutt;2169
sagem_myc5_3_drutt;2170
sagem_myg_5_drutt;1717
sagem_mymobiletv_drutt;1718
sagem_mys_7_drutt;565
sagem_myt_22_drutt;1692
sagem_myv_55_drutt;3671
sagem_myv_56_drutt;846
sagem_myv_65_drutt;566
sagem_myv_75_drutt;567
sagem_myv_76_drutt;3678
sagem_myv_85_drutt;916
sagem_myw_7_drutt;845
sagem_myx_1_drutt;50
sagem_myx2_2_drutt;1693
sagem_myx_2_drutt;47
sagem_myx_3_drutt;3213
sagem_myx_3_v2_drutt;3676
sagem_myx_4_drutt;568
sagem_myx_4t_drutt;2745
sagem_myx5_2_drutt;2120
sagem_myx5_2m_drutt;2120
sagem_myx_5_2t_drutt;2171
sagem_myx5_5_drutt;2719
sagem_myx_5_drutt;3680
sagem_myx_5e_drutt;3672
sagem_myx_5m_drutt;2744
sagem_myx6_2_drutt;2279
sagem_myx_6_drutt;48
sagem_myx_7_drutt;320
sagem_myx_8_drutt;1694
sagem_myz_55_drutt;1695
sagem_myz_5_drutt;847
sagem_sg322i_drutt;4209
sagem_sg341i_drutt;3512
sagem_sg342i_drutt;4204
sagem_sg343i_drutt;3673
samsung_3500_drutt;1461
samsung_a110_drutt;1383
samsung_a200_drutt;1384
samsung_a220_drutt;1385
samsung_a300_drutt;1386
samsung_a301_drutt;1387
samsung_a310_drutt;1388
samsung_a400_drutt;1389
samsung_a460_drutt;1382
samsung_a500_drutt;1396
samsung_a500_sprint_usa_drutt;1396
samsung_a530_drutt;3755
samsung_a561_drutt;3808
samsung_a600_drutt;1081
samsung_a610_drutt;1397
samsung_a650_drutt;1390
samsung_a655_drutt;1391
samsung_a660_drutt;1027
samsung_a670_drutt;1392
samsung_a680_drutt;1084
samsung_a700_drutt;1317
samsung_a740_drutt;1029
samsung_a790_drutt;1318
samsung_a800_drutt;127
samsung_a840_drutt;1077
samsung_a880_drutt;1071
samsung_a890_drutt;1325
samsung_c100_drutt;324
samsung_c100g_drutt;1334
samsung_c108_drutt;1399
samsung_c110_drutt;1335
samsung_c200_drutt;1337
samsung_c207_drutt;321
samsung_c207l_drutt;661
samsung_c225_drutt;1044
samsung_c300_drutt;849
samsung_d100_drutt;1401
samsung_d410c_drutt;3175
samsung_d410_drutt;500
samsung_d415_drutt;525
samsung_d418_drutt;526
samsung_d428_drutt;1343
samsung_d500c_drutt;2712
samsung_d500_drutt;322
samsung_d508_drutt;1402
samsung_d600_drutt;569
samsung_d710_drutt;3337
samsung_d800_drutt;1049
samsung_e100_drutt;1344
samsung_e105_drutt;509
samsung_e108_drutt;1345
samsung_e300_drutt;108
samsung_e310_drutt;392
samsung_e315_drutt;1051
samsung_e316_drutt;311
samsung_e317_drutt;1052
samsung_e318_drutt;1354
samsung_e320_drutt;1053
samsung_e330c_drutt;3134
samsung_e330_drutt;399
samsung_e330n_drutt;1054
samsung_e335_drutt;1060
samsung_e338_drutt;1407
samsung_e340_drutt;1063
samsung_e350_drutt;1064
samsung_e350e_drutt;1065
samsung_e400_drutt;1408
samsung_e530_drutt;594
samsung_e570_drutt;854
samsung_e600c_drutt;3188
samsung_e600_drutt;244
samsung_e608_drutt;1348
samsung_e610_drutt;1349
samsung_e618_drutt;1350
samsung_e620_drutt;571
samsung_e630c_drutt;3133
samsung_e630_drutt;622
samsung_e638_drutt;1409
samsung_e640_drutt;1410
samsung_e700a_drutt;2414
samsung_e700_drutt;398
samsung_e708_drutt;1411
samsung_e710_drutt;345
samsung_e710i_drutt;3313
samsung_e715_drutt;508
samsung_e720c_drutt;3192
samsung_e720_drutt;570
samsung_e730_drutt;558
samsung_e750_drutt;1413
samsung_e760_drutt;1414
samsung_e800c_drutt;2224
samsung_e800_drutt;109
samsung_e808_drutt;1415
samsung_e810c_drutt;3314
samsung_e810_drutt;507
samsung_e820_drutt;623
samsung_e850_drutt;1068
samsung_e860v_drutt;1069
samsung_e880_drutt;1070
samsung_g400_drutt;4094
samsung_i550_drutt;1355
samsung_i700_drutt;1353
samsung_i900_omnia_drutt;3586
samsung_j800_luxe_drutt;3307
samsung_n100_drutt;1416
samsung_n105_drutt;1417
samsung_n170_drutt;1358
samsung_n188_drutt;1418
samsung_n288_drutt;1419
samsung_n300_drutt;1420
samsung_n350_drutt;1421
samsung_n370_drutt;1381
samsung_n400_drutt;1072
samsung_n400_sprintusa_drutt;1072
samsung_n500_drutt;1422
samsung_n600_drutt;1423
samsung_n620_drutt;245
samsung_n625_drutt;1424
samsung_n628_drutt;1425
samsung_p100_drutt;378
samsung_p107_drutt;1074
samsung_p108_drutt;1426
samsung_p207_drutt;1075
samsung_p400_drutt;506
samsung_p408_drutt;1428
samsung_p510_drutt;460
samsung_p518_drutt;1361
samsung_p700_drutt;1429
samsung_p716_drutt;1430
samsung_p730_drutt;110
samsung_p735_drutt;501
samsung_p738_drutt;1362
samsung_p777_drutt;1076
samsung_q100_drutt;1363
samsung_q105_drutt;1431
samsung_q200_drutt;1432
samsung_r200_drutt;1433
samsung_r200s_drutt;1434
samsung_r210s_drutt;1436
samsung_r220_drutt;1437
samsung_s100_drutt;531
samsung_s105_drutt;1438
samsung_s108_drutt;1439
samsung_s200_drutt;541
samsung_s208_drutt;1440
samsung_s300_drutt;532
samsung_s307_drutt;1441
samsung_s308_drutt;1442
samsung_s400i_drutt;2729
samsung_s500_drutt;789
samsung_s508_drutt;1444
samsung_sch_a850_drutt;1322
samsung_sch_a870_drutt;1032
samsung_sch_a930_drutt;1327
samsung_sch_a950__drutt;1036
samsung_sch_a990_drutt;1332
samsung_sch_r610_drutt;4134
samsung_sch_s259_drutt;2557
samsung_sch_u520_drutt;2634
samsung_sch_u740_drutt;2758
samsung_sch_u900_drutt;2755
samsung_sch_x609_drutt;1372
samsung_sch_x619_drutt;1374
samsung_sch_x659_drutt;1378
samsung_sgh_a401_drutt;3439
samsung_sgh_a436_drutt;4000
samsung_sgh_a437_drutt;3305
samsung_sgh_a501_drutt;2349
samsung_sgh_a517_drutt;2723
samsung_sgh_a701_drutt;2180
samsung_sgh_a706_drutt;1062
samsung_sgh_a707_drutt;1395
samsung_sgh_a717_drutt;2181
samsung_sgh_a737_drutt;2722
samsung_sgh_a747_drutt;3459
samsung_sgh_b100_drutt;3540
samsung_sgh_b200_drutt;3524
samsung_sgh_b300_drutt;3402
samsung_sgh_b500_drutt;3471
samsung_sgh_c130_drutt;848
samsung_sgh_c140_drutt;2612
samsung_sgh_c160_drutt;2424
samsung_sgh_c165_drutt;1017
samsung_sgh_c170_drutt;2733
samsung_sgh_c180_drutt;2630
samsung_sgh_c208_drutt;2650
samsung_sgh_c210_drutt;1338
samsung_sgh_c230_drutt;1339
samsung_sgh_c238_drutt;1340
samsung_sgh_c240_drutt;1400
samsung_sgh_c250_drutt;2470
samsung_sgh_c260_drutt;2624
samsung_sgh_c266_drutt;1016
samsung_sgh_c400_drutt;2936
samsung_sgh_c406_drutt;682
samsung_sgh_c416_drutt;1471
samsung_sgh_c417_drutt;1046
samsung_sgh_c425_drutt;1061
samsung_sgh_c426_drutt;1160
samsung_sgh_c450_drutt;3541
samsung_sgh_c520_drutt;929
samsung_sgh_d108_drutt;2438
samsung_sgh_d300_drutt;2656
samsung_sgh_d307_drutt;1342
samsung_sgh_d357_drutt;1047
samsung_sgh_d407_drutt;2259
samsung_sgh_d488_drutt;2534
samsung_sgh_d500e_drutt;2129
samsung_sgh_d510_drutt;2174
samsung_sgh_d520_drutt;894
samsung_sgh_d528_drutt;2175
samsung_sgh_d600e_drutt;1048
samsung_sgh_d608_drutt;1404
samsung_sgh_d720_drutt;1405
samsung_sgh_d730_drutt;2211
samsung_sgh_d780_drutt;2684
samsung_sgh_d806_drutt;2496
samsung_sgh_d807_drutt;2217
samsung_sgh_d808_drutt;2993
samsung_sgh_d820_drutt;1406
samsung_sgh_d828_drutt;2472
samsung_sgh_d830_drutt;850
samsung_sgh_d836_drutt;944
samsung_sgh_d838_drutt;3166
samsung_sgh_d840_drutt;2343
samsung_sgh_d870_drutt;2701
samsung_sgh_d880_drutt;2856
samsung_sgh_d900_drutt;709
samsung_sgh_d908_drutt;2185
samsung_sgh_e116_drutt;2081
samsung_sgh_e200_drutt;2359
samsung_sgh_e210_drutt;2215
samsung_sgh_e230_drutt;2945
samsung_sgh_e250_drutt;851
samsung_sgh_e256_drutt;1179
samsung_sgh_e258_drutt;2631
samsung_sgh_e340e_drutt;4057
samsung_sgh_e356_drutt;700
samsung_sgh_e360_drutt;1066
samsung_sgh_e370_drutt;1067
samsung_sgh_e378_drutt;2416
samsung_sgh_e380_drutt;1346
samsung_sgh_e390_drutt;853
samsung_sgh_e420_drutt;2260
samsung_sgh_e480_drutt;2623
samsung_sgh_e490_drutt;2347
samsung_sgh_e496_drutt;1153
samsung_sgh_e498_drutt;3598
samsung_sgh_e500_drutt;2353
samsung_sgh_e568_drutt;2990
samsung_sgh_e576_drutt;1161
samsung_sgh_e590_drutt;2596
samsung_sgh_e628_drutt;2248
samsung_sgh_e635_drutt;1079
samsung_sgh_e648_drutt;3028
samsung_sgh_e690_drutt;2669
samsung_sgh_e728_drutt;2249
samsung_sgh_e738_drutt;1412
samsung_sgh_e740_drutt;2250
samsung_sgh_e746_drutt;2583
samsung_sgh_e758_drutt;2177
samsung_sgh_e770_drutt;573
samsung_sgh_e790_drutt;2373
samsung_sgh_e830_drutt;885
samsung_sgh_e840_drutt;2186
samsung_sgh_e848_drutt;3596
samsung_sgh_e860_drutt;572
samsung_sgh_e870_drutt;2178
samsung_sgh_e888_drutt;3649
samsung_sgh_e890_drutt;2187
samsung_sgh_e898_drutt;2188
samsung_sgh_e900_drutt;683
samsung_sgh_e908_drutt;2189
samsung_sgh_e910_drutt;4148
samsung_sgh_e950_drutt;2629
samsung_sgh_f110_drutt;3346
samsung_sgh_f200_drutt;3583
samsung_sgh_f210__drutt;3176
samsung_sgh_f250_drutt;3325
samsung_sgh_f300_drutt;895
samsung_sgh_f308_drutt;4001
samsung_sgh_f310_drutt;3218
samsung_sgh_f330_drutt;2696
samsung_sgh_f480_drutt;3475
samsung_sgh_f490_drutt;3498
samsung_sgh_f500_drutt;2367
samsung_sgh_f510_drutt;2700
samsung_sgh_f700_drutt;2699
samsung_sgh_g600_drutt;2474
samsung_sgh_g608_drutt;3957
samsung_sgh_g800_drutt;3186
samsung_sgh_g810_drutt;3252
samsung_sgh_i200_drutt;3462
samsung_sgh_i300_drutt;2576
samsung_sgh_i310_drutt;2698
samsung_sgh_i320_drutt;1351
samsung_sgh_i400_drutt;2778
samsung_sgh_i450_drutt;3296
samsung_sgh_i458_drutt;4182
samsung_sgh_i520_drutt;927
samsung_sgh_i550_drutt;1355
samsung_sgh_i560_drutt;2668
samsung_sgh_i600_drutt;890
samsung_sgh_i600_nobrand_drutt;890
samsung_sgh_i607_drutt;1352
samsung_sgh_i608_drutt;4021
samsung_sgh_i617_drutt;3193
samsung_sgh_i620_drutt;2930
samsung_sgh_i710_drutt;2697
samsung_sgh_i718_drutt;4101
samsung_sgh_i750_drutt;2793
samsung_sgh_i780_drutt;3126
samsung_sgh_j150_drutt;3450
samsung_sgh_j200_drutt;2692
samsung_sgh_j210_drutt;3449
samsung_sgh_j400_drutt;2947
samsung_sgh_j600_drutt;926
samsung_sgh_j610_drutt;3421
samsung_sgh_j620_drutt;2930
samsung_sgh_j700_drutt;3115
samsung_sgh_j750_drutt;2543
samsung_sgh_l170_drutt;3202
samsung_sgh_l310_drutt;3300
samsung_sgh_l320_drutt;3422
samsung_sgh_l600_drutt;2924
samsung_sgh_l700_drutt;3464
samsung_sgh_l760_drutt;2394
samsung_sgh_l768_drutt;3269
samsung_sgh_m110_drutt;3137
samsung_sgh_m150_drutt;3509
samsung_sgh_m300_drutt;2368
samsung_sgh_m310_drutt;3315
samsung_sgh_m600_drutt;2754
samsung_sgh_m610_drutt;1356
samsung_sgh_m620_drutt;3297
samsung_sgh_n707_drutt;2083
samsung_sgh_p110_drutt;2685
samsung_sgh_p180_drutt;3309
samsung_sgh_p200_drutt;1427
samsung_sgh_p260_drutt;2531
samsung_sgh_p300_drutt;1359
samsung_sgh_p310_drutt;733
samsung_sgh_p520_drutt;2190
samsung_sgh_p850_drutt;2191
samsung_sgh_p900_drutt;2193
samsung_sgh_p910_drutt;918
samsung_sgh_p920_drutt;897
samsung_sgh_p930_drutt;2195
samsung_sgh_r210_drutt;1435
samsung_sgh_r225_drutt;684
samsung_sgh_s401i_drutt;3525
samsung_sgh_s500i_drutt;2808
samsung_sgh_s720i_drutt;3526
samsung_sgh_t200_drutt;1364
samsung_sgh_t209_drutt;2219
samsung_sgh_t219_drutt;2220
samsung_sgh_t309_drutt;1086
samsung_sgh_t319_drutt;2221
samsung_sgh_t419_drutt;3788
samsung_sgh_t429_drutt;3311
samsung_sgh_t509_drutt;1087
samsung_sgh_t519_drutt;943
samsung_sgh_t629_drutt;1090
samsung_sgh_t639_drutt;3815
samsung_sgh_t709_drutt;2452
samsung_sgh_t809_drutt;945
samsung_sgh_t819_drutt;3837
samsung_sgh_u100_drutt;2364
samsung_sgh_u300_drutt;896
samsung_sgh_u600_drutt;888
samsung_sgh_u608_drutt;3353
samsung_sgh_u700_drutt;2197
samsung_sgh_u708_drutt;2770
samsung_sgh_u900_drutt;2755
samsung_sgh_x138_drutt;3349
samsung_sgh_x160_drutt;1455
samsung_sgh_x166_drutt;685
samsung_sgh_x200_drutt;1095
samsung_sgh_x208_drutt;2991
samsung_sgh_x210_drutt;2226
samsung_sgh_x300_drutt;631
samsung_sgh_x461_drutt;2225
samsung_sgh_x481_drutt;2261
samsung_sgh_x486_drutt;329
samsung_sgh_x488_drutt;2262
samsung_sgh_x490_drutt;1096
samsung_sgh_x495_drutt;374
samsung_sgh_x496_drutt;2212
samsung_sgh_x497_drutt;1097
samsung_sgh_x500_drutt;2228
samsung_sgh_x506_drutt;855
samsung_sgh_x510_drutt;856
samsung_sgh_x520_drutt;893
samsung_sgh_x526_drutt;1156
samsung_sgh_x530_drutt;3882
samsung_sgh_x540_drutt;2376
samsung_sgh_x550_drutt;2462
samsung_sgh_x566_drutt;1196
samsung_sgh_x576_drutt;2560
samsung_sgh_x630_drutt;2415
samsung_sgh_x636_drutt;609
samsung_sgh_x650_drutt;1098
samsung_sgh_x656_drutt;710
samsung_sgh_x660_drutt;620
samsung_sgh_x670_drutt;1375
samsung_sgh_x680_drutt;857
samsung_sgh_x686_drutt;686
samsung_sgh_x700_drutt;1377
samsung_sgh_x708_drutt;2179
samsung_sgh_x800_drutt;2251
samsung_sgh_x808_drutt;3653
samsung_sgh_x810_drutt;1379
samsung_sgh_x820_drutt;887
samsung_sgh_x828_drutt;3272
samsung_sgh_x830_drutt;1193
samsung_sgh_x836_drutt;1162
samsung_sgh_z150_drutt;1462
samsung_sgh_z170_drutt;2372
samsung_sgh_z220_drutt;2201
samsung_sgh_z230_drutt;1463
samsung_sgh_z240_drutt;2360
samsung_sgh_z308_drutt;1464
samsung_sgh_z310_drutt;1316
samsung_sgh_z350_drutt;917
samsung_sgh_z360_drutt;1465
samsung_sgh_z400_drutt;919
samsung_sgh_z510_drutt;1101
samsung_sgh_z520_drutt;1466
samsung_sgh_z548_drutt;2206
samsung_sgh_z550_drutt;2207
samsung_sgh_z600_drutt;1468
samsung_sgh_z620_drutt;859
samsung_sgh_z630_drutt;1104
samsung_sgh_z650i_drutt;2711
samsung_sgh_z710_drutt;2199
samsung_sgh_z720_drutt;860
samsung_sgh_z728_drutt;2210
samsung_sgh_zm60_drutt;2296
samsung_sgh_zv40_drutt;868
samsung_sgh_zv50_drutt;870
samsung_sgh_zv60_drutt;2294
samsung_sgh_zx10_drutt;1106
samsung_sgh_zx20_drutt;1107
samsung_sph_a580_drutt;1080
samsung_sph_a620_drutt;1082
samsung_sph_a640_drutt;1083
samsung_sph_a720_drutt;1028
samsung_sph_a760_drutt;1030
samsung_spha800_drutt;127
samsung_sph_a820_drutt;1031
samsung_sph_a900_drutt;1034
samsung_sph_a920_drutt;1035
samsung_sph_a940_drutt;1329
samsung_sph_m300_drutt;2368
samsung_sph_m320_drutt;4095
samsung_sph_m500_drutt;3438
samsung_sph_m510_drutt;2855
samsung_sph_m530_drutt;4096
samsung_sph_m610_drutt;1356
samsung_sph_m620_drutt;3297
samsung_sph_m800_drutt;4152
samsung_sphn300_drutt;1357
samsung_t100_drutt;1445
samsung_t108_drutt;1446
samsung_t400_drutt;393
samsung_t408_drutt;1447
samsung_t410_drutt;1448
samsung_t500_drutt;1449
samsung_v100_drutt;1450
samsung_v200_drutt;46
samsung_v205_drutt;1451
samsung_v206_drutt;1452
samsung_v208_drutt;1453
samsung_w109_drutt;1365
samsung_x100_drutt;239
samsung_x105_drutt;504
samsung_x108_drutt;1366
samsung_x120_drutt;1367
samsung_x140_drutt;1454
samsung_x199_drutt;1368
samsung_x339_drutt;1456
samsung_x359_drutt;1457
samsung_x369_drutt;1458
samsung_x400_drutt;1369
samsung_x426_drutt;157
samsung_x427_drutt;158
samsung_x427m_drutt;2227
samsung_x430_drutt;505
samsung_x450_drutt;230
samsung_x458_drutt;527
samsung_x460c_drutt;1459
samsung_x460_drutt;332
samsung_x468_drutt;1460
samsung_x475_drutt;1370
samsung_x480c_drutt;3132
samsung_x480_drutt;342
samsung_x600a_drutt;2172
samsung_x600_drutt;533
samsung_x608_drutt;1376
samsung_x610_drutt;1373
samsung_x620_drutt;598
samsung_x640_drutt;341
samsung_x660v_drutt;2363
samsung_x660v_v10_drutt;2363
samsung_x839_drutt;4149
samsung_x859_drutt;1380
samsung_x910_drutt;624
samsung_z100_drutt;625
samsung_z105_drutt;2454
samsung_z105u_drutt;1099
samsung_z107_drutt;1100
samsung_z110_drutt;503
samsung_z130_drutt;557
samsung_z140_drutt;356
samsung_z300_drutt;2943
samsung_z320i_drutt;852
samsung_z370_drutt;596
samsung_z500_drutt;1467
samsung_z540_drutt;858
samsung_z560_drutt;1105
samsung_zv10_drutt;502
samsung_zv30_drutt;2621
sanyo_mm7400_drutt;2449
sanyo_mm_7500_drutt;1951
sanyo_mm_8300_drutt;2399
sanyo_mm9000_drutt;2622
sanyo_pl2400_drutt;3703
sanyo_pls7400_drutt;2449
sanyo_pls8300_drutt;2399
sanyo_s750_drutt;1950
sanyo_scp_2400_drutt;3703
sanyo_scp_6600_drutt;2957
sanyo_scp_6650_drutt;3445
sanyo_scp_7000_drutt;3806
sanyo_scp_7050_drutt;3444
sanyo_vi_2300_drutt;2633
sendo_m550_drutt;1984
sendo_m570_drutt;1985
sendo_p600_drutt;1991
sendo_s330_drutt;334
sendo_s360_drutt;2686
sendo_s600_drutt;1990
sendo_s620_drutt;1992
sendo_v663_drutt;1993
sendo_x_drutt;1994
sharp_550sh_drutt;862
sharp_703sh_vodafone_drutt;863
sharp_705sh_drutt;2736
sharp_770sh_drutt;864
sharp_802sh_drutt;1977
sharp_880sh_drutt;2922
sharp_902sh_vodafone_drutt;871
sharp_903sh_vodafone_drutt;872
sharp_904sh_drutt;2791
sharp_gx33_drutt;2741
sharp_gx34_drutt;3198
sharp_sx313_drutt;2920
sharp_sx833_drutt;1979
sharp_tm100_drutt;574
sharp_tm150_drutt;874
sharp_tqgx10_drutt;2489
sharp_tqgx10i_drutt;116
sharp_tqgx10m_drutt;2523
sharp_tqgx10n_drutt;3666
sharp_tq_gx12_drutt;1956
sharp_tqgx13_drutt;1957
sharp_tqgx15_drutt;296
sharp_tqgx17_drutt;560
sharp_tqgx1_drutt;1955
sharp_tqgx20_drutt;115
sharp_tqgx21_drutt;1961
sharp_tqgx22_drutt;1962
sharp_tqgx22s_drutt;1963
sharp_tqgx23_drutt;1964
sharp_tqgx25_drutt;626
sharp_tqgx27_drutt;1965
sharp_tq_gx29_drutt;619
sharp_tqgx30_drutt;114
sharp_tqgx30i_drutt;614
sharp_tq_gx31_drutt;1966
sharp_tqgx32_drutt;1968
sharp_tq_gx40_drutt;920
sharp_tq_gx_i98_drutt;1975
sharp_tq_gxi98_drutt;1975
sharp_tq_gx_l15_drutt;3721
sharp_tqgz100_drutt;1970
sharp_tqgz100s_drutt;1971
sharp_tqgz200_drutt;1973
sharp_tqgz200s_drutt;1974
sharp_tqv750_drutt;1976
sharp_v804sh_drutt;3046
sharp_wx_t71_drutt;1952
sharp_wx_t91_drutt;1953
sharp_z800_drutt;1980
siemens_2128_drutt;1265
siemens_3118_drutt;1266
siemens_3618_drutt;1267
siemens_6618_drutt;1268
siemens_6688_drutt;1269
siemens_a31_drutt;687
siemens_a50_drutt;122
siemens_a55_drutt;94
siemens_a56_drutt;152
siemens_a56i_drutt;662
siemens_a57_drutt;1275
siemens_a60_drutt;95
siemens_a62_drutt;688
siemens_a65_drutt;255
siemens_a75_drutt;689
siemens_a76_drutt;948
siemens_af51_drutt;690
siemens_al21_drutt;1273
siemens_ap75_drutt;1276
siemens_ax72_drutt;875
siemens_ax75_drutt;485
siemens_c35_drutt;294
siemens_c45_drutt;348
siemens_c55_drutt;120
siemens_c56_drutt;160
siemens_c60_drutt;119
siemens_c61_drutt;1294
siemens_c62_drutt;91
siemens_c65_china_drutt;235
siemens_c65_drutt;235
siemens_c65_vodafone_drutt;235
siemens_c66_nafta_drutt;236
siemens_c70_drutt;487
siemens_c72_drutt;486
siemens_c75_drutt;492
siemens_cf110_drutt;562
siemens_cf62_drutt;242
siemens_cf62t_drutt;3773
siemens_cf75_drutt;498
siemens_cf76_drutt;488
siemens_cfx65_drutt;497
siemens_cl50_drutt;302
siemens_cl75_drutt;499
siemens_ct65_drutt;1298
siemens_ct66_drutt;1300
siemens_cv65_drutt;1299
siemens_cx65_drutt;92
siemens_cx70_drutt;490
siemens_cx75_drutt;440
siemens_cxt70_drutt;1301
siemens_m46_drutt;1293
siemens_m50_drutt;260
siemens_m55_china_drutt;45
siemens_m55_drutt;45
siemens_m56_drutt;165
siemens_m65_china_drutt;93
siemens_m65_drutt;93
siemens_m65_vodafone_drutt;93
siemens_m75_drutt;493
siemens_mc60_drutt;118
siemens_me45_drutt;1282
siemens_me45i_drutt;1283
siemens_me75_drutt;1285
siemens_mt50_drutt;1289
siemens_mt65_drutt;1302
siemens_op600_drutt;1277
siemens_p35_drutt;1278
siemens_s35_drutt;1279
siemens_s40_drutt;1281
siemens_s45_drutt;293
siemens_s46_drutt;1288
siemens_s55_drutt;121
siemens_s55i_drutt;2354
siemens_s56_drutt;164
siemens_s57_drutt;145
siemens_s65_china_drutt;290
siemens_s65_drutt;290
siemens_s66_drutt;291
siemens_s75_drutt;494
siemens_sf65_drutt;496
siemens_sk65_drutt;489
siemens_sl42i_drutt;1286
siemens_sl45_drutt;542
siemens_sl45i_drutt;542
siemens_sl55_china_drutt;162
siemens_sl55_drutt;162
siemens_sl56_drutt;163
siemens_sl5e_drutt;1292
siemens_sl65_china_drutt;259
siemens_sl65_drutt;259
siemens_sl75_drutt;495
siemens_sp65_drutt;1305
siemens_st55_altua1_drutt;351
siemens_st55_drutt;351
siemens_st60_drutt;350
siemens_sx1_drutt;96
siemens_sx66_nafta_drutt;1264
siemens_sxg75_drutt;1309
siemens_u15_drutt;1315
siemens_u35_drutt;1280
skyzen_ez700_drutt;2080
sonyericson_w380_drutt;3187
sonyericsson_c702_drutt;3129
sonyericsson_c902_drutt;3128
sonyericsson_d750i_drutt;578
sonyericsson_f500i_drutt;612
sonyericsson_g700_drutt;3270
sonyericsson_g900_drutt;3271
sonyericsson_j200i_drutt;396
sonyericsson_j210i_drutt;1735
sonyericsson_j220i_drutt;1111
sonyericsson_j230i_drutt;1738
sonyericsson_j300i_drutt;400
sonyericsson_k200_drutt;3491
sonyericsson_k220_drutt;3490
sonyericsson_k300i_drutt;376
sonyericsson_k310_drutt;663
sonyericsson_k320_drutt;2266
sonyericsson_k500i_drutt;241
sonyericsson_k506c_drutt;1742
sonyericsson_k508i_drutt;618
sonyericsson_k510_drutt;2532
sonyericsson_k530_drutt;2269
sonyericsson_k550_drutt;796
sonyericsson_k600i_drutt;1112
sonyericsson_k608_drutt;580
sonyericsson_k610_drutt;881
sonyericsson_k610im_drutt;2308
sonyericsson_k618_drutt;877
sonyericsson_k630_drutt;2403
sonyericsson_k660_drutt;2707
sonyericsson_k700i_drutt;543
sonyericsson_k750i_drutt;583
sonyericsson_k770_drutt;2282
sonyericsson_k790_drutt;783
sonyericsson_k800i_drutt;1043
sonyericsson_k810_drutt;921
sonyericsson_k818_drutt;2333
sonyericsson_k850_alternative_ua_drutt;2271
sonyericsson_k850_drutt;2271
sonyericsson_k858_drutt;2378
sonyericsson_m600_drutt;1042
sonyericsson_m608_drutt;2274
sonyericsson_m610_opera_drutt;3242
sonyericsson_p1_drutt;2840
sonyericsson_p800_drutt;70
sonyericsson_p800_opera_drutt;70
sonyericsson_p802_drutt;280
sonyericsson_p900_drutt;43
sonyericsson_p900_opera_drutt;43
sonyericsson_p908_drutt;281
sonyericsson_p910i_drutt;287
sonyericsson_p910i_opera__alternative_ua_drutt;287
sonyericsson_p910i_opera_drutt;287
sonyericsson_p910i_opera_mini_drutt;287
sonyericsson_p990_drutt;1745
sonyericsson_p990_opera_drutt;1745
sonyericsson_r300_drutt;3075
sonyericsson_r306_drutt;3077
sonyericsson_s500_drutt;2084
sonyericsson_s600_drutt;1743
sonyericsson_s700i_drutt;285
sonyericsson_s710a_drutt;390
sonyericsson_t100_drutt;39
sonyericsson_t200_drutt;72
sonyericsson_t226_drutt;156
sonyericsson_t230_drutt;40
sonyericsson_t237_drutt;275
sonyericsson_t238_drutt;273
sonyericsson_t250_drutt;2510
sonyericsson_t250i_drutt;2509
sonyericsson_t270_drutt;3157
sonyericsson_t280_drutt;3347
sonyericsson_t290i_altua1_drutt;307
sonyericsson_t290i_drutt;307
sonyericsson_t300_drutt;75
sonyericsson_t302_drutt;274
sonyericsson_t303_drutt;3158
sonyericsson_t306_drutt;155
sonyericsson_t310_drutt;71
sonyericsson_t312_drutt;276
sonyericsson_t316_drutt;78
sonyericsson_t39_drutt;248
sonyericsson_t600_drutt;73
sonyericsson_t608_aumic_drutt;1759
sonyericsson_t608_drutt;1759
sonyericsson_t610_drutt;41
sonyericsson_t616_drutt;153
sonyericsson_t618_drutt;159
sonyericsson_t620_drutt;1755
sonyericsson_t628_drutt;1756
sonyericsson_t62_drutt;1752
sonyericsson_t630_drutt;76
sonyericsson_t637_drutt;240
sonyericsson_t650_drutt;2334
sonyericsson_t658_drutt;2335
sonyericsson_t687i_drutt;1757
sonyericsson_t68i_drutt;42
sonyericsson_v600i_drutt;1115
sonyericsson_v630_drutt;2562
sonyericsson_v640_drutt;2678
sonyericsson_v800_drutt;514
sonyericsson_v802_drutt;1758
sonyericsson_w200_drutt;1172
sonyericsson_w300_drutt;643
sonyericsson_w350_drutt;3131
sonyericsson_w550_drutt;587
sonyericsson_w580_drutt;2275
sonyericsson_w600i_drutt;664
sonyericsson_w610i_drutt;1118
sonyericsson_w660_drutt;923
sonyericsson_w700_drutt;1127
sonyericsson_w710_drutt;798
sonyericsson_w760_drutt;3079
sonyericsson_w800i_drutt;386
sonyericsson_w810i_drutt;777
sonyericsson_w830_drutt;2154
sonyericsson_w850_drutt;1037
sonyericsson_w850_opera_drutt;1037
sonyericsson_w880i_drutt;1040
sonyericsson_w888_drutt;2270
sonyericsson_w890_drutt;2477
sonyericsson_w900i_drutt;589
sonyericsson_w908_drutt;2852
sonyericsson_w910_drutt;2264
sonyericsson_w950_drutt;1748
sonyericsson_w950_opera_alternative_ua_drutt;1748
sonyericsson_w958_drutt;2839
sonyericsson_w960_drutt;2280
sonyericsson_w980_drutt;3127
sonyericsson_x1_drutt;3832
sonyericsson_z1010_drutt;79
sonyericsson_z200_drutt;77
sonyericsson_z208_drutt;278
sonyericsson_z250_drutt;2267
sonyericsson_z300_drutt;645
sonyericsson_z310_drutt;2506
sonyericsson_z320_drutt;2268
sonyericsson_z500a_drutt;216
sonyericsson_z520i_drutt;1121
sonyericsson_z525_drutt;1122
sonyericsson_z530i_drutt;1123
sonyericsson_z550_drutt;880
sonyericsson_z555_drutt;3130
sonyericsson_z558_drutt;2272
sonyericsson_z600_drutt;74
sonyericsson_z608_drutt;279
sonyericsson_z610;883
sonyericsson_z710_drutt;3184
sonyericsson_z750_drutt;2281
sonyericsson_z770_drutt;3060
sonyericsson_z780_drutt;3460
sonyericsson_z800_drutt;515
telit_g80_drutt;2654
telme_t919_drutt;3719
telson_kc827_drutt;3720
toplux_ag300_drutt;2370
toplux_cg360_drutt;1983
toshiba_t618x_drutt;1982
toshiba_ts21i_drutt;2618
toshiba_ts222i_drutt;2423
toshiba_ts605_drutt;2412
toshiba_ts608_drutt;2937
toshiba_ts705_drutt;2357
toshiba_ts921_drutt;2379
toshiba_v902t_drutt;3225
vitelcom_tsm_330_drutt;3139
vitelecom_tsm100_drutt;3777
vitelecom_tsm5m_drutt;3038
vk_mobile_vk1500_drutt;2247
vk_mobile_vk700_drutt;2871
vodafone_710_drutt;2393
zte_2118_drutt;1882
zte_601i_drutt;2662
zte_a37_drutt;1177
zte_c705_drutt;1883
zte_c880_drutt;1884
zte_c908_drutt;1885
zte_f150_drutt;2893
zte_f151_drutt;2894
zte_f152_drutt;2891
zte_f850_drutt;2691
zte_f866_drutt;1886
zte_f868_drutt;3244
