Alcatel One Touch C651;.*Alcatel\-CTH3.*
HUAWEI U1215;.*Huawei\/1\.0\/U1215.*
LG E/KG220;.*LG\-KG220.*
Alcatel OT-660;.*Alcatel-OT-660.*
LG LG-KF350-CMCC;.*LG\-KF350.*
T-Mobile SGH-T429;.*Mozilla.*
Nokia 5200;.*Nokia5200.*
Samsung SGH-A736;.*SAMSUNG\-SGH\-A736.*
BlackBerry 8700;.*BlackBerry8700.*
Sony Ericsson U1i;.*SonyEricssonU1.*
Samsung SGH-X540;.*SAMSUNG\-SGH\-X540.*
Motorola MOT-V171;.*MOT\-V171.*
Nokia 5500d;.*Nokia5500.*
Nokia E65-1;.*NokiaE65.*
Nokia N93;.*NokiaN93.*
Samsung SGH-C426;.*SAMSUNG\-SGH\-C426.*
Samsung SGH-E760;.*SAMSUNG\-SGH\-E760.*
Samsung SGH-X566;.*SAMSUNG\-SGH\-X566.*
Alcatel OT-800A;.*Alcatel-OT-800.*
Motorola U9;.*MOT-U9.*
Sony Ericsson W910i;.*SonyEricssonW910i.*
Motorola E1070;.*MOT\-E1070.*
Sony Ericsson Z750i;.*SonyEricssonZ750.*
Motorola V557;.*MOT\-V557.*
LG LG/KF310/v1.0;.*LG\-KF310.*
Nokia N7020;.*Nokia7020.*
Nokia N97;.*NokiaN97.*
Alcatel OneTouch652;.*Alcatel\-OT\-C652.*
HP iPAQ 910;.*HPiPAQ910.*
Sony Ericsson K608i;.*SonyEricssonK608.*
BlackBerry 7230;.*BlackBerry7230.*
BlackBerry 7730;.*BlackBerry7730.*
Handspring Treo600;.*Blazer\ 3\.0.*
Alcatel OT-255A;.*Alcatel\-OT\-255.*
Nokia 6700s;.*Nokia6700.*
LG B2100;.*LG\-B2100.*
LG C2000;.*LG\-C2000.*
LG G4015;.*LG\-G4015.*
LG G4050;.*LG\-G4050.*
LG L1200;.*LG\-L1200.*
LG ME591D;.*LG\-ME591.*
LG MG130;.*LG\-MG130.*
LG MG185;.*LG\-MG185.*
LG MG200d;.*LG\-MG200d.*
LG LG/GT505/v1.0;.*LG\/GT505.*
Samsung SGH-B110L;.*SAMSUNG\-SGH\-B110.*
LG LGE/CT810;.*LG\-CT810.*
Nokia 6233;.*Nokia6233.*
LG LGE/KP130;.*LG\-KP130.*
LG LG-GW525;.*LG-GW525.*
Motorola MOT-W231;.*MOT\-W231.*
Motorola MOT-WX450;.*MOT\-WX450.*
Alcatel OT-S521A;.*Alcatel\-OT\-S521.*
Motorola C385;.*MOT\-C385.*
LG LG/KU380;.*LG\-KU380.*
RIM BlackBerry 9530;.*BlackBerry9530.*
Motorola E1;.*MOT\-E1\ .*
Nokia 7500;.*Nokia7500.*
Samsung SGH-X656;.*SAMSUNG\-SGH\-X656.*
Motorola E770v;.*MOT\-E770.*
Motorola L7;.*MOT\-L7.*
Motorola PEBL U6;.*MOT\-PEBL\ U6.*
LG GB250N;.*LG-GB250.*
Pantech PG-1310V;.*PG\-1310.*
Motorola T725E;.*MOT\-T725E.*
Motorola V180;.*MOT\-V180.*
HTC Kaiser;.*HTC_TyTN_II.*
Sony Ericsson K310i;.*SonyEricssonK310.*
Samsung M3510;.*SAMSUNG\-M3510.*
Alcatel ELLE-N1;.*Alcatel\-ELLE.*
Alcatel OneTouch552;.*Alcatel\-OT\-C552.*
Samsung SGH-T329;.*SAMSUNG\-SGH\-T329.*
BlackBerry 7100;.*BlackBerry7100.*
BlackBerry 7290;.*BlackBerry7290.*
Pantech PU-C600;.*PU\-C600.*
Nokia 6288;.*Nokia6288.*
High Tech Computer Corporation Nike;.*HTC\-P5500.*
LG C1500;.*LG\-C1500.*
LG G4010;.*LG\-G4010.*
LG G4020;.*LG\-G4020.*
LG L1150;.*LG\-L1150.*
LG L1400;.*LG\-L1400.*
LG ME240;.*LG\-ME240.*
LG MG150;.*LG\-MG150.*
LG MG200;.*LG\-MG200.*
LG MG210;.*LG\-MG210.*
LG MG810D;.*LG\-MG810.*
LG LG/KU380/v1.0;.*LG\/KU380.*
LG LGE/KP115;.*LG\-KP115.*
Motorola C450;.*MOT\-C450.*
Motorola C650;.*MOT\-C650.*
Motorola E1000;.*MOT\-E1000.*
Motorola E398;.*MOT\-E398.*
NEC N535;.*NEC\-N535.*
Nokia 6681;.*Nokia6681.*
Motorola K1;.*MOT\-K1.*
Motorola L6;.*MOT\-L6.*
Motorola MPx200;.*MOT\-MPx200.*
Motorola MPx220;.*MOT\-MPx220.*
Motorola RAZRV3x;.*MOT\-RAZRV3x.*
Motorola V1050;.*MOT\-V1050.*
Motorola V190;.*MOT\-V190.*
Motorola V195;.*MOT\-V196.*
Motorola V3;.*MOT\-V3.*
Motorola V330;.*MOT\-V330.*
Samsung SGH-F250L;.*SAMSUNG\-SGH\-F250.*
S302;.*SonyEricssonS302.*
LG-MG300D;.*LG-MG300.*
HTC Polaris;.*HTC_P3650.*
RIM BlackBerry 8120;.*BlackBerry8120.*
LG KF600d;.*LG\-KF600.*
Motorola L2;.*MOT\-L2.*
LG-MU500;.*LG-MU500.*
Nokia 5070b;.*Nokia5070b.*
Motorola v1075;.*MOT\-V1075.*
Motorola PEBL_U3;.*MOT\-Pebl_U3.*
RIM BlackBerry 8820;.*BlackBerry8820.*
palm Centro;.*PalmCentro/v0001.*
LG KF510;.*LG\-KF510.*
Samsung SGH-G600;.*SAMSUNG\-SGH\-G600.*
Samsung -SGH-X486;.*SAMSUNG-SGH-X486.*
Motorola V3e;.*V3e.*
Nokia 6120c;.*Nokia6120.*
Samsung GT-M8800;.*SAMSUNG\-GT\-M8800.*
Samsung SGH-A707;.*SAMSUNG\-SGH\-A707.*
Nokia 3230;.*Nokia3230.*
Motorola ROKR E2;.*MOT-ROKR.*
Samsung SGH-T509;.*SAMSUNG\-SGH\-T509.*
Sharp TQ-GX29;.*SHARP\-TQ\-GX29.*
Samsung SGH-A706;.*SAMSUNG\-SGH\-A706.*
Nokia 6100;.*Nokia6100.*
Nokia 6102;.*Nokia6102.*
Samsung M7600;.*SAMSUNG\-M7600.*
Samsung SGH-M300V;.*SamsungSGHM300.*
Nokia 6125;.*Nokia6125.*
Nokia 6170;.*Nokia6170.*
Samsung SGH-X560L;.*SAMSUNG\-SGH\-X560.*
Nokia 6220;.*Nokia6220.*
LG LG-KP500;.*LG\-KP500.*
Nokia 6255;.*Nokia6255.*
Nokia 6270;.*Nokia6270.*
Nokia 6590;.*Nokia6590.*
Nokia 6600;.*Nokia6600.*
Nokia 6630;.*Nokia6630.*
Nokia 6670;.*Nokia6670.*
Nokia 6680;.*Nokia6680.*
Nokia 6800;.*Nokia6800.*
Nokia 6820;.*Nokia6820.*
Motorola MotoMB300;.*MOT-MB300.*
RIM BlackBerry 9520;.*BlackBerry9520.*
Nokia 7190;.*Nokia7190.*
Nokia 7200;.*Nokia7200.*
Nokia 7260;.*Nokia7260.*
Nokia 7280;.*Nokia7280.*
Nokia 7610;.*Nokia7610.*
Nokia N7710;.*Nokia7710.*
Samsung GT-S8000;.*SAMSUNG\-GT\-S8000.*
Motorola MotoA853;.*A853.*
LG LG-GM600;.*LG\-GM600.*
Nokia E62;.*NokiaE62.*
Nokia N7230;.*Nokia7230.*
Nokia N73;.*NokiaN73.*
Openwave OPWV-SDK/62;.*OPWV\-SDK.*
Panasonic X300;.*Panasonic\-X300.*
Panasonic X400;.*Panasonic\-X400.*
Panasonic x60;.*Panasonic\-X60.*
Panasonic x66;.*Panasonic\-X66.*
Pantech PG-1210;.*PG\-1200.*
Pantech PG-C120;.*PG\-C120.*
RIM BlackBerry 9700;.*BlackBerry9700.*
Sagem myC5-2/1.0;.*SAGEM\-myC5\-2.*
Sagem myV-75/1.0;.*SAGEM\-myV\-75.*
Sagem myX-8/1.0;.*SAGEM\-myX\-8.*
Sagem myX5-2/1.0;.*SAGEM\-myX5.*
Sagem myX6-2/1.0;.*SAGEM\-myX6.*
Sony Ericsson U5a;.*SonyEricssonU5.*
LG LG-KP501;.*LG\-KP501.*
Siemens A76;.*SIE\-A76.*
Motorola MOTOROKR Z6;.*MOTOROKR\ Z6.*
Sony Ericsson S500i;.*SonyEricssonS500.*
Nokia N75-3;.*NokiaN75\-3.*
Sony Ericsson W660i;.*SonyEricssonW660i\ Opera.*
Nokia 5310XpressMusic;.*Nokia5310XpressMusic.*
Samsung SGH-i617;.*SAMSUNG\-SGH\-I617.*
Nokia E61i-1;.*NokiaE61.*
Nokia 5235;.*Nokia5235.*
Motorola V400;.*MOT\-V400.*
Samsung GT-E2121L;.*SAMSUNG\-GT\-E2121.*
Motorola V547;.*MOT\-V547.*
Motorola V551;.*MOT\-V551.*
Motorola V600;.*MOT\-V600.*
Motorola V635;.*MOT\-V635.*
Motorola V975;.*MOT\-V975.*
Motorola W220;.*MOT\-W220.*
Samsung Z105;.*Mozilla\/SMB3\(Z105\)\/Samsung.*
Motorola ZN200;.*MOT\-ZN200.*
Samsung GT-S5600L;.*SAMSUNG\-GT\-S5600L.*
Samsung SGH-F488;.*SAMSUNG\-SGH\-F488.*
Nokia 2610;.*Nokia2610.*
Nokia 2650;.*Nokia2650.*
LG LG-GC900;.*LG\-GC900.*
Nokia 3200;.*Nokia3200.*
Nokia 3220;.*Nokia3220.*
Nokia 3300;.*Nokia3300.*
Samsung SGH-T339;.*SAMSUNG\-SGH\-T339.*
Samsung SGH-T239;.*SAMSUNG\-SGH\-T239.*
LG LGE/CU920;.*LG\-CU920.*
Nokia 2320c-2b;.*Nokia2320.*
Sony Ericsson T715a;.*SonyEricssonT715.*
Nokia 3595;.*Nokia3595.*
Nokia 3620;.*Nokia3620.*
Nokia 3660;.*Nokia3660.*
Nokia 6020;.*Nokia6020.*
Nokia 6021;.*Nokia6021.*
Nokia 6070;.*Nokia6070.*
Nokia 6101;.*Nokia6101.*
Nokia 6103;.*Nokia6103.*
Nokia 6111;.*Nokia6111.*
Nokia 6200;.*Nokia6200.*
Nokia 6230;.*Nokia6230.*
Nokia 6260;.*Nokia6260.*
Nokia 6560;.*Nokia6560.*
Nokia 6610;.*Nokia6610.*
Nokia 6620;.*Nokia6620.*
Nokia 6650;.*Nokia6650.*
Nokia 6651;.*Nokia6651.*
Nokia 6131;.*Nokia6131.*
Samsung SGH-E390;.*SAMSUNG\-SGH\-E390.*
Nokia 3500c;.*Nokia3500.*
Samsung SGH-Z720;.*SAMSUNG\-SGH\-Z720.*
Samsung SGH-B130L;.*SAMSUNG\-SGH\-B130.*
Nokia 6085;.*Nokia6085.*
LG E/MG295;.*LG\-MG295.*
Sony Ericsson T650i;.*SonyEricssonT650i.*
Motorola A1200i;.*MOT-A1200.*
RIM BlackBerry 8310;.*BlackBerry8310.*
Samsung SGH-X640C;.*SAMSUNG\-SGH\-X640.*
LG E/KF300;.*LG\-KF300.*
Nokia 6555;.*Nokia6555.*
RIM BlackBerry 8110;.*BlackBerry8110.*
Motorola MOT-W375;.*MOT\-W375.*
Motorola W5;.*MOT\-W5.*
Samsung SGH-C506;.*SEC\-SGHC506.*
Sony Ericsson T250i;.*SonyEricssonT250.*
Nokia 5300;.*Nokia5300.*
LG E/MG120;.*LG\-MG120.*
Sony Ericsson W580i;.*SonyEricssonW580.*
Alcatel OT-C701;.*Alcatel\-OT\-C701.*
Motorola W510;.*MOT\-W510.*
Nokia 3120;.*Nokia3120.*
Nokia 6060;.*Nokia6060.*
LG ME850d;.*LG\-ME850.*
RIM BlackBerry 8100;.*BlackBerry8100.*
Nokia 2630;.*Nokia2630.*
Motorola MOT-W270;.*MOT\-W270.*
Palm Treo750;.*Palm750.*
Motorola V361;.*MOT\-V361.*
LG E/L600V/V10;.*LG\/L600.*
Motorola v186;.*MOT\-V186.*
Motorola V191;.*MOT\-V191.*
Motorola V220;.*MOT\-V220.*
Motorola V235;.*MOT\-V235.*
Motorola V300;.*MOT\-V300.*
Motorola V360;.*MOT\-V360.*
Motorola V500;.*MOT\-V500.*
Motorola V545;.*MOT\-V545.*
Motorola V550;.*MOT\-V550.*
LG KE970;.*LG\-KE970.*
Motorola V600R;.*MOT\-V620.*
Motorola V80;.*MOT\-V80.*
Motorola V980;.*MOT\-V980.*
HTC Corporation Diamond;.*HTC_P3700.*
Samsung Z100;.*Mozilla\/SMB3\(Z100\)\/Samsung.*
Nokia 3110c;.*Nokia3110.*
Nokia 7360;.*Nokia7360.*
Samsung B2100;.*SAMSUNG\-B2100.*
Nokia 6030;.*Nokia6030.*
Nokia 3100b;.*Nokia3100.*
Samsung S8003;.*SAMSUNG\-GT\-S8003.*
Nokia 3205;.*Nokia3205.*
Samsung S8000;.*SAMSUNG\-S8000.*
Samsung SGH-G800;.*SAMSUNG\-SGH\-G800.*
Samsung SGH-I321N;.*SEC\-SGHI321.*
Nokia 3600;.*Nokia3600.*
Nokia 3650;.*Nokia3650.*
Nokia 5100;.*Nokia5100.*
Samsung SGH-T429;.*SAMSUNG\-SGH\-T429.*
Sony Ericsson K700c;.*LENOVO\-i966.*
Nokia 6061;.*Nokia6061.*
SonyEricsson R306;.*SonyEricssonR306.*
Sony Ericsson V630i;.*SonyEricssonV630.*
Samsung SGH-F490;.*SAMSUNG\-SGH\-F490.*
Nokia N2690;.*Nokia2690.*
Samsung SGH-C408;.*SAMSUNG\-SGH\-C408.*
Samsung SGH-D407;.*SAMSUNG\-SGH\-D407.*
Samsung SGH-F258;.*SAMSUNG\-SGH\-F258.*
Samsung SGH-D508;.*SAMSUNG\-SGH\-D508.*
Samsung SGH-D600;.*SAMSUNG\-SGH\-D600.*
Samsung GT-B5310L;.*SAMSUNG\-GT\-B5310.*
Samsung SGH-D728;.*SAMSUNG\-SGH\-D728.*
Samsung SGH-D828;.*SAMSUNG\-SGH\-D828\/1\.0.*
Samsung SGH-D900;.*SAMSUNG\-SGH\-D900.*
Samsung SGH-E100;.*SAMSUNG\-SGH\-E100.*
Samsung SGH-E230;.*SAMSUNG\-SGH\-E230\/1\.0.*
Samsung SGH-E330;.*SAMSUNG\-SGH\-E330.*
Samsung -SGH-X486-2;SAMSUNG-SGH-X486/1\.0
Pantech S100;.*S100\/R01.*
SonyEricsson W100a;.*SonyEricssonW100.*
LG ME770;.*LG\-ME770.*
Nokia 6682;.*Nokia6682.*
Nokia 6810;.*Nokia6810.*
Nokia 6822;.*Nokia6822.*
Nokia 7210;.*Nokia7210.*
RIM BlackBerry 9105;.*BlackBerry9105.*
Nokia 7270;.*Nokia7270.*
Nokia 7370;.*Nokia7370.*
Nokia 7600;.*Nokia7600.*
Sony Ericsson J105i;.*SonyEricssonJ105.*
RIM BlackBerry 9650;.*BlackBerry9650.*
MOTOROLA MOT-EX112;.*MOT\-EX112.*
Sony Ericsson G705;.*SonyEricssonG705.*
Sony Ericsson F100i;.*SonyEricssonF100.*
LG LG-T310;.*LG\-T310.*
Nokia 9300;.*Nokia9300.*
Nokia 9500;.*Nokia9500.*
Nokia E60;.*NokiaE70.*
Nokia N70;.*NokiaN70.*
Nokia N90;.*NokiaN90.*
Panasonic G50;.*Panasonic\-G50.*
Panasonic G60;.*Panasonic\-G60.*
Panasonic GD67;.*Panasonic\-GAD67.*
Panasonic GD87;.*Panasonic\-GAD87.*
Panasonic GD88;.*Panasonic\-GD88.*
Panasonic X200;.*Panasonic\-X200.*
Panasonic X500;.*Panasonic\-X500.*
Panasonic X70;.*Panasonic\-X70.*
Panasonic X800;.*Panasonic\-X800.*
Pantech PG-3210;.*PG\-3210.*
Sagem myV-65;.*SAGEM\-myV\-65.*
Sagem myX-2/1.0;.*SAGEM\-myX\-2.*
Sagem myX-5/2.0;.*SAGEM\-myX\-5.*
Sagem myX-6/1.0;.*SAGEM\-myX\-6.*
Sagem myX-7/1.0;.*SAGEM\-myX\-7.*
Sagem myX2-2m/1.0;.*SAGEM\-myX2.*
BlackBerry 8300;.*BlackBerry8300.*
Samsung SGH-C268;.*SAMSUNG\-SGH\-C268.*
Samsung SGH-C406;.*SAMSUNG\-SGH\-C406\/1\.0.*
Samsung SGH-C425;.*SAMSUNG\-SGH\-C425.*
Samsung SGH-D488;.*SAMSUNG\-SGH\-D488.*
Samsung SGH-T729;.*SAMSUNG\-SGH\-T729.*
RIM BlackBerry 8320;.*BlackBerry8320.*
Nokia N76-1;.*NokiaN76\-1.*
LG E/MG230;.*LG-MG230.*
Samsung SGH-E236;.*SAMSUNG\-SGH\-E236.*
Nokia 7250;.*Nokia7250.*
Nokia N78-1;.*NokiaN78.*
Nokia N80-1;.*NokiaN80.*
Motorola V365;.*MOT\-V365.*
Motorola V535;.*MOT\-V535.*
palm Treo680;.*Palm680.*
Nokia 7373;.*Nokia7373.*
Nokia 5610;.*Nokia5610.*
Nokia N72;.*NokiaN72.*
Nokia 2680s-2b;.*Nokia2680.*
Samsung SGH-M140L;.*SAMSUNG\-SGH\-M140L.*
Nokia 6263;.*Nokia6263.*
LG E/MG800;.*LG\-MG800.*
Samsung SGH-E330N;.*SAMSUNG\-SGH\-E330N\/1\.0.*
Samsung SGH-E340;.*SAMSUNG\-SGH\-E340\/1\.0.*
Sony Ericsson K660i;.*SonyEricssonK660.*
Samsung SGH-E360;.*SAMSUNG\-SGH\-E360\/1\.0.*
Samsung SGH-E376;.*SAMSUNG\-SGH\-E376\/1\.0.*
Samsung SGH-E378;.*SAMSUNG\-SGH\-E378\/1\.0.*
LG LG-GD900;.*LG\-GD900.*
Samsung SGH-E578;.*SAMSUNG\-SGH\-E578.*
Nokia 2600c-2b;.*Nokia2600.*
Nokia 5000d-2b;.*Nokia5000.*
Samsung SGH-E700;.*SAMSUNG\-SGH\-E700.*
Samsung SGH-E730;.*SAMSUNG\-SGH\-E730.*
Samsung SGH-E800;.*SAMSUNG\-SGH\-E800.*
Samsung SGH-E808;.*SAMSUNG\-SGH\-E808.*
Nokia 5530 XpressMusic;.*Nokia5530.*
Nokia N2220s-b;.*Nokia2220.*
Samsung SGH-i530;.*SAMSUNG\-SGH\-I530.*
Sony Ericsson W980;.*SonyEricssonW980.*
Samsung SGH-P318;.*SAMSUNG\-SGH\-P318.*
Samsung SGH-P850;.*SAMSUNG\-SGH\-P850\/1\.0.*
Samsung SGH-S500;.*SAMSUNG\-SGH\-S500\/SHARK.*
Samsung SGH-T500;.*SAMSUNG\-SGH\-T500\/1\.0.*
Samsung SGH-T519;.*SAMSUNG\-SGH\-T519.*
Samsung SGH-T609;.*SAMSUNG\-SGH\-T609\/1\.0.*
Samsung SGH-T649;.*SAMSUNG\-SGH\-T649\/1\.0.*
Samsung SGH-T809;.*SAMSUNG\-SGH\-T809\ 1\.0.*
Samsung SGH-U308;.*SAMSUNG\-SGH\-U308.*
Samsung SGH-X100;.*SAMSUNG\-SGH\-X100.*
Samsung SGH-X166;.*SAMSUNG\-SGH\-X166\/1\.0.*
Nokia C3-00;.*NokiaC3.*
Samsung SGH-X300;.*SAMSUNG\-SGH\-X300\/1\.0.*
LG LG-KP15xQ;.*LG\-KP15xQ.*
Samsung SGH-X468;.*SAMSUNG\-SGH\-X468\/1\.0.*
LG LG-GM360;.*LG\-GM360.*
Samsung SGH-X490;.*SAMSUNG\-SGH\-X490\/1\.0.*
Samsung SGH-X518;.*SAMSUNG\-SGH\-X518\/RAINBOW\ 3\.0\/WAP1\.2.*
Samsung SGH-X568;.*SAMSUNG\-SGH\-X568.*
SonyEricsson W150a;.*SonyEricssonW150.*
Samsung SGH-X608;.*SAMSUNG\-SGH\-X608\/K3.*
RIM BlackBerry 9550;.*BlackBerry9550.*
LG LG-C1300;.*LG\-C1300.*
Samsung SGH-X670;.*SAMSUNG\-SGH\-X670\/1\.0.*
Samsung SGH-X708;.*SAMSUNG\-SGH\-X708\/1\.0.*
Samsung SGH-X818;.*SAMSUNG\-SGH\-X818.*
Samsung SGH-X838;.*SAMSUNG\-SGH\-X838.*
LG LG-MG170;.*LG\-MG170.*
Samsung SGH-D500;.*SAMSUNG\-SGH\-D500.*
LG LGE/TU500;.*LG\-TU500.*
Samsung SGH-D510;.*SAMSUNG\-SGH\-D510\/1\.0.*
Samsung SGH-D528;.*SAMSUNG\-SGH\-D528.*
Alcatel OT-v770;.*Alcatel\-OT\-v770.*
LG LG/KU385/v1.0;.*LG\/KU385.*
Samsung SGH-D848;.*SAMSUNG\-SGH\-D848.*
RIM BlackBerry 9300;.*BlackBerry9300.*
Samsung SGH-E108;.*SAMSUNG\-SGH\-E108\/T2.*
Samsung SGH-E256;.*SAMSUNG\-SGH\-E256\/1\.0.*
Samsung SGH-C165;.*SAMSUNG\-SGH\-C165.*
Samsung SGH-E338;.*SAMSUNG\-SGH\-E338\/1\.0.*
Samsung SGH-E350;.*SAMSUNG\-SGH\-E350.*
Samsung SGH-E356;.*SAMSUNG\-SGH\-E356\/1\.0.*
Samsung SGH-E370;.*SAMSUNG\-SGH\-E370\/1\.0.*
Samsung SGH-E380;.*SAMSUNG\-SGH\-E380\/1\.0.*
Samsung SGH-E568;.*SAMSUNG\-SGH\-E568.*
Samsung SGH-E630;.*SAMSUNG\-SGH\-E630.*
Samsung SGH-E638;.*SAMSUNG\-SGH\-E638.*
Nokia 6151;.*Nokia6151.*
Samsung SGH-E708;.*SAMSUNG\-SGH\-E708\/BSI.*
Samsung SGH-E778;.*SAMSUNG\-SGH\-E778.*
Sony Ericsson W380i;.*SonyEricssonW380.*
Samsung SGH-E830;.*SAMSUNG\-SGH\-E830.*
Motorola L7e;.*MOT\-L9.*
Samsung SGH-E890;.*SAMSUNG\-SGH\-E890.*
Nec 6206;.*LENOVO\-i919.*
Samsung SGH-A737;.*SAMSUNG\-SGH\-A737.*
Samsung SGH-C416;.*SAMSUNG\-SGH\-C416.*
Sony Ericsson X1i;.*SonyEricssonX1.*
Samsung SGH-E900;.*SEC\-SGHE900.*
Samsung SGH-P310;.*SEC\-SGHP310.*
Nokia E50-1;.*NokiaE50.*
Samsung SGH-D880;.*SAMSUNG\-SGH\-D880.*
Samsung SGH-T100;.*SAMSUNG\-SGH\-T100\/1\.0.*
Samsung SGH-T419;.*SAMSUNG\-SGH\-T419.*
Sony Ericsson Vodafone-802SE;.*V802SE.*
LG LG/KU990/v1.0;.*LG\-KU990.*
Samsung SGH-i607;.*SAMSUNG\-SGH\-I607.*
Nokia 2330c-2b;.*Nokia2330.*
Samsung SGH-T539;.*SAMSUNG\-SGH\-T539\/1\.0.*
Samsung SGH-T629;.*SAMSUNG\-SGH\-T629\/1\.0.*
Samsung SGH-T719;.*SAMSUNG\-SGH\-T719\/1\.0*.*
Sony Ericsson W595a;.*SonyEricssonW595.*
Samsung SGH-U608;.*SAMSUNG\-SGH\-U608.*
Sony Ericsson T707a;.*SonyEricssonT707.*
Samsung SGH-X108;.*SAMSUNG\-SGH\-X108\/PEARL.*
Samsung SGH-X168;.*SAMSUNG\-SGH\-X168.*
Samsung SGH-X218;.*SAMSUNG\-SGH\-X218.*
Sony Ericsson W890i;.*SonyEricssonW890.*
Samsung SGH-X576;.*SAMSUNG\-SGH\-X576.*
Samsung SGH-ZV10;.*SAMSUNG\-SGH\-ZV10.*
LG E/KG800;.*LG\-KG800.*
Pantech PG-1410;.*PG\-1410.*
Samsung SGH-U700;.*SAMSUNG\-SGH\-U700.*
LG ME970d;.*LG\-ME970.*
Samsung SGH-C130;.*SEC\-SGHC130.*
Samsung SGH-C137;.*SEC\-SGHC137.*
Samsung SGH-C140;.*SEC\-SGHC140.*
Samsung SGH-C200;.*SEC\-SGHC200.*
LG LG/KF700;.*LG\-KF700.*
Sony Ericsson W995a;.*SonyEricssonW995.*
Samsung SGH-C230;.*SEC\-SGHC230.*
Samsung SGH-C250;.*SEC\-SGHC250.*
Samsung SGH-C266;.*SEC\-SGHC266.*
Nokia 6500s;.*Nokia6500.*
Nokia 6301;.*Nokia6301.*
Samsung SGH-D108;.*SEC\-SGHD108.*
Samsung SGH-D357;.*SEC\-SGHD357.*
Sony Ericsson C902;.*SonyEricssonC902.*
Nokia 6267;.*Nokia6267.*
Samsung SGH-D418;.*SEC\-SGHD418.*
Samsung SGH-D567;.*SEC\-SGHD567.*
Samsung SGH-D730;.*SEC\-SGHD730\/1\.0.*
Samsung SGH-D806;.*SEC\-SGHD806\/1\.0\ TSS\/2\.5.*
Samsung SGH-D807;.*SEC\-SGHD807\ TSS\/2\.5.*
Samsung SGH-D836;.*SEC\-SGHD836\/1\.0.*
Samsung SGH-E710;.*SEC\-SGHE710.*
Samsung SGH-E116;.*SEC\-SGHE116.*
Samsung SGH-E310;.*SEC\-SGHE300.*
Samsung SGH-E315;.*SEC\-SGHE31.*
Samsung GT-I8510H;.*SAMSUNG\-GT\-I8510.*
Samsung SGH-E320;.*SEC\-SGHE320\/1\.0.*
Samsung SGH-E490;.*SEC\-SGHE490\/1\.0\ NetFront\/3\.2.*
Samsung SGH-E530;.*SAMSUNG\-SGH\-E530.*
Samsung SGH-E570;.*SEC\-SGHE570\/1\.0\ NetFront\/3\.2.*
Samsung SGH-E600;.*SEC\-SGHE600.*
Samsung SGH-E608;.*SEC\-SGHE608.*
LG LG-GD510;.*LG\-GD510.*
Pantech PG-3810;.*PG\-3810.*
Samsung SGH-E715;.*SEC\-SGHE715.*
Samsung SGH-E790;.*SEC\-SGHE790.*
Samsung SGH-E818;.*SEC\-SGHE818.*
Samsung SGH-E850;.*SEC\-SGHE850.*
Samsung SGH-E870;.*SEC\-SGHE870.*
HUAWEI U1005;.*Huawei\/1\.0\/U1005.*
LG LG-A133;.*LG\-A133.*
Alcatel OT-305A;.*Alcatel\-OT\-305.*
LG LG-GM205;.*LG\-GM205.*
Nokia N2700c-2;.*Nokia2700.*
Nokia N2730c-1b;.*Nokia2730.*
Samsung GT-M2510;.*SAMSUNG\-GT\-M2510.*
Samsung SGH-L760;.*SAMSUNG\-SGH\-L760.*
Samsung SGH-T229;.*SAMSUNG\-SGH\-T229.*
LG E/ME500;.*LG\-ME550.*
Motorola V555;.*MOT\-V555.*
Nokia 2760;.*Nokia2760.*
Samsung SGH-X460;.*SAMSUNG\-SGH\-X460.*
Samsung SGH-X461;.*SAMSUNG\-SGH\-X461\/1\.0.*
Samsung SGH-X486;.*SAMSUNG\-SGH\-X480.*
Samsung SGH-X481;.*SAMSUNG\-SGH\-X481\/1\.0.*
Samsung SGH-X508;.*SAMSUNG\-SGH\-X508.*
Samsung SGH-X528;.*SAMSUNG\-SGH\-X528\/NetFront\ 3\.2\/WAP2\.0.*
Samsung SGH-T319;.*SAMSUNG\-SGH\-T319.*
Samsung SGH-X600;.*SAMSUNG\-SGH\-X600.*
Samsung SGH-X620;.*SAMSUNG\-SGH\-X620\/1\.0.*
Samsung SGH-X650;.*SAMSUNG\-SGH\-X650.*
Samsung SGH-X668;.*SAMSUNG\-SGH\-X668\/TSS\ 2\.5\.0\/WAP2\.0.*
Samsung SGH-X700;.*SAMSUNG\-SGH\-X700\/1\.0.*
Samsung SGH-X808;.*SAMSUNG\-SGH\-X808.*
Samsung SGH-X828;.*SAMSUNG\-SGH\-X828\/NetFront\ 3\.2\/WAP2\.0.*
Samsung SGH-E810;.*SEC\-SGHE810.*
Samsung SGH-C110;.*SEC\-SGHC110.*
Sony Ericsson TM506;.*SonyEricssonTM506.*
Samsung SGH-Z150;.*SAMSUNG\-SGH\-Z150.*
Samsung SGH-C207;.*SEC\-SGHC207.*
Samsung SGH-C208;.*SEC\-SGHC208.*
Samsung SGH-C216;.*SEC\-SGHC216.*
Samsung M2710;.*SAMSUNG\-M2710.*
Samsung SGH-C260;.*SEC\-SGHC260.*
Samsung SGH-C300;.*SEC\-SGHC300\/1\.0.*
Samsung GT-S3370;.*SAMSUNG\-GT\-S3370.*
RIM BlackBerry 9780;.*9780.*
Samsung SGH-D406;.*SEC\-SGHD406.*
Samsung SGH-D415;.*SEC\-SGHD415.*
Samsung SGH-D520;.*SEC\-SGHD520\/1\.0\ NetFront\/3\.2.*
Samsung SGH-D720;.*SEC\-SGHD720\/1\.0.*
Samsung SGH-D800;.*SEC\-SGHD800\/1\.0\ NetFront\/3\.2.*
Samsung SGH-D830;.*SEC\-SGHD830\/1\.0\ NetFront\/3\.2.*
Samsung SGH-D840;.*SEC\-SGHD840\/1\.0\ NetFront\/3\.2.*
Samsung SGH-E105;.*SEC\-SGHE105.*
Samsung SGH-E210;.*SEC\-SGHE210\/1\.0\ NetFront\/3\.2.*
Samsung SGH-E310C;.*SEC\-SGHE310C\/1\.0.*
Samsung SGH-E470;.*SEC\-SGHE470\/1\.0\ NetFront\/3\.2.*
Samsung SGH-E496;.*SEC\-SGHE496\/1\.0.*
Samsung SGH-E576;.*SEC\-SGHE576\/1\.0.*
Samsung SGH-E610;.*SEC\-SGHE610.*
Motorola Q-UMTS;.*MOT\-Q9.*
Nokia 2660;.*Nokia2660.*
Nokia 3555c;.*Nokia3555.*
Samsung SGH-X636;.*SAMSUNG\-SGH\-X636.*
Samsung SGH-P510;.*SEC\-SGHP510.*
Samsung SGH-P700;.*SEC\-SGHP700.*
Samsung SGH-P716;.*SEC\-SGHP716.*
Samsung SGH-p730;.*SEC\-SGHP730.*
Samsung SGH-P735;.*SEC\-SGHP735.*
Samsung SGH-P777;.*SEC\-SGHP777.*
Samsung SGH-P900;.*SEC\-SGHP900\/1\.0\ NetFront\/3\.2.*
Samsung SGH-U300;.*SEC\-SGHU300\/1\.0\ NetFront\/3\.2.*
Samsung SGH-U600;.*SEC\-SGHU600.*
Samsung SGH-X120;.*SEC\-SGHX120.*
Samsung SGH-X160;.*SEC\-SGHX160\/1\.0.*
Samsung SGH-X210;.*SEC\-SGHX210\/1\.0.*
Samsung SGH-X426;.*SEC\-SGHX426.*
Samsung SGH-X427M;.*SEC\-SGHX427M.*
Samsung SGH-X450;.*SEC\-SGHX450.*
Samsung SGH-X466;.*SEC\-SGHX466.*
Samsung SGH-X478;.*SEC\-SGHX478.*
Samsung SGH-X506;.*SEC\-SGHX506\/1\.0\ TSS\/2\.5.*
Samsung SGH-X510;.*SEC\-SGHX510\/1\.0.*
Samsung SGH-X530;.*SEC\-SGHX530\/1\.0.*
Samsung SGH-X630;.*SEC\-SGHX630\/1\.0\ TSS\/2\.5.*
Samsung SGH-X680;.*SEC\-SGHX680\/1\.0\ TSS\/2\.5.*
Samsung SGH-X800;.*SEC\-SGHX800\/1\.0\ NF\/3\.2.*
Samsung SGH-X820;.*SEC\-SGHX820\/1\.0\ NetFront\/3\.2.*
Samsung SGH-X910;.*SEC\-SGHX910.*
Samsung SGH-Z160;.*SEC\-SGHZ160\/1\.0\ NetFront\/3\.2.*
Samsung SGH-E335;.*SGH\-E335.*
Samsung SGH-E736;.*SGH\-E736.*
Samsung SGH-X467;.*SGH\-X467.*
Samsung SGH-X495;.*SGH\-X495.*
Samsung SGH-Z300;.*SGH\-Z300.*
Sharp TQ-GX1;.*SHARP\-TQ\-GX1.*
Sharp TQ-GX10;.*SHARP\-TQ\-GX10.*
Sharp TQ-GX17;.*SHARP\-TQ\-GX17.*
Sharp TQ-GX25;.*SHARP\-TQ\-GX25.*
Sharp TQ-GX32;.*SHARP\-TQ\-GX32.*
Siemens AL21a;.*SIE\-A21a.*
Siemens A60;.*SIE\-A60.*
Siemens AX76;.*SIE\-AX76.*
Siemens C61;.*SIE\-C61.*
Siemens C65;.*SIE\-C65.*
HUAWEI G6600;.*G6600.*
Siemens CF62;.*SIE\-CF62.*
Siemens CF76;.*SIE\-CF76.*
Siemens CL75;.*SIE\-CL75.*
Siemens CX65;.*SIE\-CX65.*
Samsung SGH-E620;.*SEC\-SGHE620.*
Samsung SGH-E720;.*SEC\-SGHE720.*
Samsung SGH-E728;.*SEC\-SGHE728.*
Samsung SGH-E770;.*SEC\-SGHE770.*
LG LG-GS500;.*LG-GS500.*
Samsung SGH-E840;.*SEC\-SGHE840.*
Samsung SGH-E865;.*SEC\-SGHE865.*
Sony Ericsson E10;.*SonyEricssonE10a.*
Alcatel OT-S621A;.*Alcatel\-OT\-S621.*
Motorola W490;.*MOT\-W490.*
Samsung SGH-I300;.*SEC\-SGHI300.*
LG LG-GB220;.*LG\-GB220.*
LG LG-GW300;.*LG\-GW300.*
Samsung SGH-I700;.*SEC\-SGHI700.*
Sony Ericsson C901;.*SonyEricssonC901.*
Samsung SGH-N700;.*SEC\-SGHN700.*
Samsung SGH-N707;.*SEC\-SGHN707.*
Samsung SGH-P100;.*SEC\-SGHP100.*
Samsung SGH-P207;.*SEC\-SGHP207.*
Samsung SGH-P300;.*SEC\-SGHP300.*
Samsung SGH-P400;.*SEC\-SGHP400.*
Samsung SGH-P518;.*SEC\-SGHP518.*
Samsung SGH-P710;.*SEC\-SGHP710.*
Samsung SGH-P717;.*SEC\-SGHP717.*
Alcatel OT-808;.*Alcatel\-OT\-808.*
LG LG-GW520;.*LG\-GW520.*
Samsung SGH-p738;.*SEC\-SGHP738.*
Samsung SGH-S300M;.*SEC\-SGHS300m.*
Samsung SGH-U100;.*SEC\-SGHU100\/1\.0\ NetFront\/3\.2.*
Samsung SGH-V200;.*SEC\-SGHV200.*
Samsung SGH-V206;.*SEC\-SGHV206.*
Samsung SGH-X105;.*SEC\-SGHX105.*
Samsung SGH-X140;.*SEC\-SGHX140.*
Samsung SGH-X200;.*SEC\-SGHX200.*
Samsung SGH-X410;.*SEC\-SGHX410.*
Samsung SGH-X430;.*SEC\-SGHX430.*
Samsung SGH-X458;.*SEC\-SGHX458.*
Samsung SGH-X475;.*SEC\-SGHX475.*
Samsung SGH-X488;.*SEC\-SGHX488.*
Samsung SGH-X500;.*SEC\-SGHX500\/1\.0\ TSS\/2\.5.*
Samsung SGH-X507;.*SEC\-SGHX507\,\ TSS\/2\.5\,\ Rev\ 1\.4.*
Samsung SGH-X520;.*SEC\-SGHX520X\/1\.0.*
Samsung SGH-X610;.*SEC\-SGHX610.*
Samsung SGH-X660;.*SEC\-SGHX660\/1\.0\ TSS\/2\.5.*
Samsung SGH-X686;.*SEC\-SGHX686\/1\.0\ TSS\/2\.5.*
Samsung SGH-X810;.*SEC\-SGHX810\/1\.0\ NF\/3\.2.*
Samsung SGH-X830;.*SEC\-SGHX830\/1\.0\ NetFront\/3\.2.*
Samsung SGH-D820;.*SGH\-D820.*
Samsung SGH-E635;.*SGH\-E635.*
Motorola E790;.*MOT\-E790.*
LG E/KP210;.*LG\-KP210.*
Nokia 2626;.*Nokia2626.*
RIM BlackBerry 7130;.*BlackBerry7130.*
Samsung GT-M8910;.*SAMSUNG\-GT\-M8910.*
Samsung SGH-A177;.*SAMSUNG\-SGH\-A177.*
Sony Ericsson T920i;.*SonyEricssonT920i.*
Samsung SGH-P520;.*SEC\-SGHP520.*
Siemens M55;.*SIE\-M55.*
Siemens M65;.*SIE\-M65.*
Nokia 7390;.*Nokia7390.*
Siemens S35;.*SIE\-S35\/.*
LG LG-KM555;.*LG\-KM555.*
Siemens S65;.*SIE\-S65.*
Siemens SK65-RIM;.*SIE\-SK6R.*
Siemens SL56;.*SIE\-SL56.*
Siemens ST55;.*SIE\-ST55.*
Sony Ericsson F500i;.*SonyEricssonF500i.*
Sony Ericsson J300i;.*SonyEricssonJ300.*
Motorola MOT-W233;.*MOT\-W233.*
Nokia N8;.*NokiaN8.*
Sony Ericsson K320i;.*SonyEricssonK320.*
Sony Ericsson K500i;.*SonyEricssonK500.*
Sony Ericsson K508;.*SonyEricssonK508.*
Sony Ericsson K510a;.*SonyEricssonK510.*
Alcatel OT-505;.*Alcatel\-OT\-505.*
LG LG-KP270;.*LG\-KP270.*
LG LG-KS360;.*LG\-KS360.*
Nokia 6086;.*Nokia6086.*
LG LGE/CU720;.*LG\-CU720.*
Nokia 8800;.*Nokia8801.*
Sony Ericsson K790i;.*SonyEricssonK790.*
Sony Ericsson K800i;.*SonyEricssonK800.*
Sony Ericsson K818c;.*SonyEricssonK818c.*
Sony Ericsson M608c;.*SonyEricssonM608c\/R100.*
Sony Ericsson P900R101;.*SonyEricssonP900.*
Pantech PG-1610;.*PG\-1610.*
Sony Ericsson P990i;.*SonyEricssonP990i\/R100.*
Sony Ericsson S710a;.*SonyEricssonS710a.*
Samsung SGH-Z240;.*SAMSUNG\-SGH\-Z240.*
Sony Ericsson T238R101;.*SonyEricssonT23.*
Sony Ericsson T300R101;.*SonyEricssonT300.*
Sony Ericsson T302R201;.*SonyEricssonT302\/R201.*
Sony Ericsson T306;.*SonyEricssonT306.*
Samsung SGH-T309;.*SGH\-T309.*
Samsung SGH-X480;.*SGH\-X480.*
Samsung Z107;.*SGH\-Z107.*
Samsung SGH-Z140;.*SGH\-Z140.*
Sharp TQ-GX-T15;.*SHARP\-TQ\-GX\-T15.*
Sharp TQ-GX15;.*SHARP\-TQ\-GX15.*
Sharp TQ-GX20;.*SHARP\-TQ\-GX20.*
Sharp TQ-GX30;.*SHARP\-TQ\-GX30.*
Siemens A31A;.*SIE\-A31.*
Siemens AX72;.*SIE\-AX72.*
Siemens C60;.*SIE\-C60.*
Siemens C62;.*SIE\-C62.*
Siemens C66-NAFTA;.*SIE\-C66.*
Siemens C72;.*SIE\-C72.*
Siemens CF75;.*SIE\-CF75.*
Siemens M56;.*SIE\-M56.*
Siemens MC60;.*SIE\-MC60.*
Siemens S55;.*SIE\-S5.*
Siemens S56;.*SIE\-S56.*
Amoi Electronics Amoi-8505;.*Amoi\ 8512.*
Motorola V540;.*MOT\-V540.*
Nokia 6280;.*Nokia6280.*
Siemens S66-NAFTA;.*SIE\-S66.*
Siemens SL55;.*SIE\-SL55.*
Siemens SL65;.*SIE\-SL65.*
Siemens ST60;.*SIE\-ST60.*
Siemens SX1R01;.*SIE\-SX1.*
Sony Ericsson J200i;.*SonyEricssonJ200i.*
Sony Ericsson J210;.*SonyEricssonJ210i\/R101.*
Sony Ericsson J220;.*SonyEricssonJ220.*
Nokia E51-1;.*NokiaE51.*
Samsung SGH-A437;.*SAMSUNG\-SGH\-A437.*
LG LGE/CF360;.*LG\-CF360.*
Motorola EM325;.*MOT\-EM325.*
Motorola WX295;.*Mot\-WX295.*
MOTOROLA MOT-EX245;.*MOT\-EX245.*
LG LGE/CU515;.*LG\-CU515.*
Sony Ericsson K300a;.*SonyEricssonK300.*
Samsung C3053;.*SAMSUNG\-C3053.*
Samsung GT-B3310;.*SAMSUNG\-GT\-B3310.*
Alcatel OT-606A;.*Alcatel\-OT\-606.*
Sony Ericsson K506c;.*SonyEricssonK506c\/R2.*
Sony Ericsson K550i;.*SonyEricssonK550.*
Sony Ericsson K600i;.*SonyEricssonK600.*
Sony Ericsson K610i;.*SonyEricssonK610.*
Motorola motorazrV8;.*motorazrV8.*
LG KE850;.*LG\-KE850.*
Motorola MOT-W230;.*MOT\-W230.*
Sony Ericsson C702;.*SonyEricssonC702.*
Samsung SGH-U900L;.*SAMSUNG\-SGH\-U900.*
Nokia 3250;.*Nokia3250.*
Nokia N91;.*NokiaN91\-1.*
Samsung SGH-C166;.*SAMSUNG\-SGH\-C166.*
Samsung SGH-E250;.*SAMSUNG\-SGH\-E250.*
Sony Ericsson W380a;.*SonyEricssonW380a.*
Sony Ericsson Z555a;.*SonyEricssonZ555.*
Nokia 6136;.*Nokia6136.*
Nokia 6080;.*Nokia6080b.*
Nokia 6300;.*Nokia6300.*
Sony Ericsson T310;.*SonyEricssonT310.*
Sony Ericsson T312R201;.*SonyEricssonT312\/R201.*
Sony Ericsson T316;.*SonyEricssonT316.*
Sony Ericsson T610;.*SonyEricssonT610.*
Samsung SGH-A767;.*SAMSUNG\-SGH\-A767.*
Motorola MOT-W403;.*MOT-W403.*
LG LGE/MS25/v10a;.*LG\-MS25.*
Sony Ericsson T630;.*SonyEricssonT630.*
Sony Ericsson T637;.*SonyEricssonT637.*
Sony Ericsson W200i;.*SonyEricssonW200.*
Sony Ericsson W300i;.*SonyEricssonW300.*
LG LG-KP260;.*LG\-KP260.*
Sony Ericsson W600i;.*SonyEricssonW600i.*
Sony Ericsson W610i;.*SonyEricssonW610.*
Sony Ericsson W700i;.*SonyEricssonW700.*
Sony Ericsson W710i;.*SonyEricssonW710.*
Sony Ericsson W800i;.*SonyEricssonW800.*
Sony Ericsson W850i;.*SonyEricssonW850i\/R1L.*
Sony Ericsson W888c;.*SonyEricssonW888c\/R1Jx.*
Sony Ericsson W950i;.*SonyEricssonW950i\/R100.*
Sony Ericsson Z1010;.*SonyEricssonZ1010\/R1.*
Sony Ericsson Z300i;.*SonyEricssonZ300.*
Samsung GT-M7500;.*SAMSUNG\-M7500.*
Sony Ericsson Z500a;.*SonyEricssonZ500a.*
Alcatel GLAMPHONE-ELLE;.*Alcatel\-GLAMPHONE\-ELLE.*
Alcatel OT-802A;.*Alcatel\-OT\-802.*
Pantech C510;.*PANTECH\-C510.*
Sony Ericsson Z550i;.*SonyEricssonZ550.*
Sony Ericsson Z558c;.*SonyEricssonZ558.*
Nokia E66-1;.*NokiaE66.*
Sony Ericsson Z608R301;.*SonyEricssonZ608.*
Samsung SGH-T619;.*SAMSUNG\-SGH\-T619.*
Samsung SGH-J800;.*SAMSUNG\-SGH\-J800.*
Sony Ericsson Z800;.*SonyEricssonZ800\/R1X.*
SonyEricsson Z250a;.*SonyEricssonZ250.*
Samsung SGH-L700;.*SAMSUNG\-SGH\-L700.*
Samsung SGH-E570V;.*SamsungSGHE570.*
Motorola WX290;.*MOT-WX290.*
Samsung SGH-X680V;.*SamsungSGHX680.*
Sony Ericsson K700;.*SonyEricssonK700.*
Alcatel OT-880A;.*Alcatel\-OT\-880.*
Sony Ericsson K750i;.*SonyEricssonK750.*
LG LGE/KU580;.*LG\-KU580.*
Sony Ericsson K810i;.*SonyEricssonK810i.*
Sony Ericsson M600i;.*SonyEricssonM600i\/R100.*
Sony Ericsson P800;.*SonyEricssonP800.*
Samsung C5212;.*SAMSUNG\-C5212.*
Samsung SGH-A747;.*SAMSUNG\-SGH\-A747.*
Samsung SGH-A877;.*SAMSUNG\-SGH\-A877.*
Sony Ericsson P908R101;.*SonyEricssonP908.*
Sony Ericsson P910a;.*SonyEricssonP910.*
Samsung SGH-D608;.*SAMSUNG\-SGH\-D608.*
LG LG-GS290;.*LG\-GS290.*
Sony Ericsson S700i;.*SonyEricssonS700.*
Sony Ericsson T226;.*SonyEricssonT226.*
Sony Ericsson T616;.*SonyEricssonT616.*
Sony Ericsson C905a;.*SonyEricssonC905.*
Philips X800;.*PhilipsX800.*
Nokia N85-1;.*NokiaN85.*
LG KP570;.*LG\-KP570.*
Samsung S8300;.*SAMSUNG\-S8300.*
Pantech PG-C300;.*PG\-C300.*
Sony Ericsson V800;.*SonyEricssonV800.*
Sony Ericsson W550i;.*SonyEricssonW550.*
Sony Ericsson W810i;.*SonyEricssonW810.*
Sony Ericsson W830i;.*SonyEricssonW830.*
Sony Ericsson W880i;.*SonyEricssonW880i\/R1Jx.*
Sony Ericsson W900i;.*SonyEricssonW900i.*
Sony Ericsson W958c;.*SonyEricssonW958c\/R100.*
Sony Ericsson Z200;.*SonyEricssonZ200.*
LG KP 265;.*LG-KP265.*
BlackBerry8800;.*BlackBerry8800.*
Nokia N95-3;.*NokiaN95.*
Motorola RAZRV6;.*MOT\-RAZRV6.*
Sony Ericsson K530i;.*SonyEricssonK530i.*
Motorola Z3;.*MOT-Z3.*
Samsung SGH-X497;.*SAMSUNG\-SGH\-X497.*
Sagem my400X/1.0;.*SAGEM\-my400X.*
Sony Ericsson W760;.*SonyEricssonW760.*
HTC Polaris;.*HTC_P3650.*
Motorola MOTORAZRV9;.*MOT\-MOTORAZRV9.*
Sony Ericsson Z310i;.*SonyEricssonZ310.*
LG F9100;.*LG\-F9100.*
Sony Ericsson Z520i;.*SonyEricssonZ520.*
Sony Ericsson Z530i;.*SonyEricssonZ530.*
LG LGE/MG280;.*LG\-MG280.*
Sony Ericsson Z600;.*SonyEricssonZ600.*
Motorola V3r;.*MOT\-Accept\-language\:es\-US.*
Motorola W6;.*MOT\-W6.*
Sony Ericsson Z610i;.*SonyEricssonZ610.*
Sony Ericsson Z710i;.*SonyEricssonZ710.*
Nokia 5140;.*Nokia5140.*
Nokia 6124c;.*Nokia6124.*
Nokia N-Gage;.*NokiaN\-Gage.*
Samsung B2700;.*SAMSUNG\-B2700.*
Samsung SGH-I620V;.*SamsungSGHI620.*
Samsung SGH-X660V;.*SamsungSGHX660.*
Siemens SIE-AP75/6.1.0.7;.*SIE-AP75a.*
Nokia 5700;.*Nokia5700.*
Samsung SGH-A237;.*SAMSUNG\-SGH\-A237.*
Samsung SGH-X496;.*SAMSUNG\-SGH\-X496.*
Samsung SGH-A436;.*SAMSUNG\-SGH\-A436.*
Sony Ericsson Z780i;.*SonyEricssonZ780i.*
SAMSUNG-GT-S8500L;.*SAMSUNG\-GT\-S8500.*
Alcatel OT-C820;.*Alcatel\-OT\-C820.*
Samsung SGH-E590;.*SAMSUNG\-SGH\-E590.*
Nokia N5220XpressMusic;.*Nokia5220XpressMusic.*
Sony Ericsson W705;.*SonyEricssonW705.*
Motorola E8;.*MOT\-E8.*
RIM BlackBerry 8900;.*BlackBerry8900.*
Nokia 5800 XpressMusic;.*Nokia5800.*
Motorola MotoMB501;.*MB501.*
Motorola EM25;.*MOT\-EM25.*
Sony Ericsson C510a;.*SonyEricssonC510.*
Samsung GT-I8510C;.*Samsung/I8510.*
Samsung GT-M7600L;.*SAMSUNG\-GT\-M7600L.*
Nokia N5130c-2;.*Nokia5130.*
LG LG-GT360;.*LG\-GT360.*
Samsung GT-M2310;.*SAMSUNG\-GT\-M2310.*
Sony Ericsson K330a;.*SonyEricssonK330a.*
LG LG-KM900;.*LG\-KM900.*
Sony Ericsson K850i;.*SonyEricssonK850i.*
LG LG-CE500;.*LG\-CE500.*
Motorola MotoA45;.*MOT-A45.*
LG LGE/KU800/V10;.*LG\/KU800.*
Samsung SGH-Z400;.*SAMSUNG\-SGH\-Z400.*
Alcatel OT-C700;.*Alcatel\-OT\-C700.*
Samsung GT-I6230;.*SAMSUNG\-GT\-I6230.*
Nokia 6126;.*Nokia6126.*
Alcatel OT-V670A;.*Alcatel\-OT\-V670.*
W302;.*SonyEricssonW302.*
Alcatel One Touch 556;.*Alcatel\-TH3.*
LG LG-KM385;.*LG\-KM385.*
Samsung S3600;.*SAMSUNG\-S3600.*
Sony Ericsson R300a;.*SonyEricssonR300.*
Samsung GT i8000;.*SAMSUNG-GT-i8000.*
LG LGE/KP215;.*LG\-KP215.*
Motorola MOT-W388;.*MOT\-W388.*
imate Ultimate_8150;.*I\-Mate\ 8150.*
RIM BlackBerry 9000;.*BlackBerry9000.*
LG-GD330;.*LG-GD330.*
LG-GM310;.*LG-GM310.*
Samsung GT-C3510;.*SAMSUNG\-GT\-C3510.*
Sony Ericsson F305;.*SonyEricssonF305.*
Samsung SGH-F210;.*SEC\-SGHF210.*
Samsung SGH-A746;.*SAMSUNG\-SGH\-A746.*
Samsung GT-S5230;.*SAMSUNG-GT-S5230.*
LG LG-GW550;.*LG\-GW550.*
Samsung GT-M2520;.*SAMSUNG-GT-M2520.*
Samsung SGH-F265L;.*SAMSUNG\-SGH\-F265.*
LG LG-MG100a;.*LG\-MG100.*
Nokia N81;.*NokiaN81.*
Nokia E63-2;.*NokiaE63.*
Samsung SGH-T919;.*SAMSUNG\-SGH\-T919.*
Motorola VE66;.*MOT\-VE66.*
Alcatel OT-C717;.*Alcatel\-OT\-C717.*
SonyEricsson Z320a;.*SonyEricssonZ320.*
Nokia N3710fold;.*Nokia3710.*
Samsung GT-i8000;.*SAMSUNG\-GT\-i8000.*
Samsung GT-i5700;.*GT\-I5700.*
Motorola EM30;.*MOT-MOTOROKREM30.*
Samsung SGH-G400L;.*SAMSUNG-SGH-G400L.*
Motorola MOT-W396;.*MOT\-W396.*
Alcatel OT-S626A;.*Alcatel-OT-S626.*
LG KM710;.*LG\-KM710.*
Samsung SGH-T459;.*SAMSUNG\-SGH\-T459.*
Nokia 6210 Navigator;.*Nokia6210.*
RIM BlackBerry 9500;.*BlackBerry9500.*
Sony Ericsson C903a;.*SonyEricssonC903.*
Sony Ericsson W508a;.*SonyEricssonW508.*
Sony Ericsson K770i;.*SonyEricssonK770.*
LG E/KF240;.*LG\-KF240.*
Samsung SGH-F480L;.*SAMSUNG\-SGH\-F480.*
LG LG/KU990i/v1.0;.*LG\/KU990.*
LG KE990d/v1.0;.*LG\/KE990.*
Nokia 6133;.*Nokia6133.*
Samsung C276L;.*SAMSUNG\-SGH\-C276.*
Alcatel OneTouch-I650A;.*Alcatel\-OT\-I650.*
LG LGE/KM500;.*LG\-KM500.*
Samsung SGH-E906;.*SEC\-SGHE906.*
Alcatel OT-708;.*Alcatel-OT-708.*
Sony Ericsson T303;.*SonyEricssonT303.*
LG-GU285;.*LG-GU285.*
LG LGE/GR500;.*LG\-GR500.*
LG LG-ME970c;.*LG\-ME970.*
LG LGE/MG296;.*LG\-MG296.*
Motorola MOT-EM330;.*MOT\-EM28.*
Alcatel OT-508A;.*Alcatel\-OT\-508.*
Nokia 6110;.*Nokia6110Navigator.*
Samsung GT-S3650;.*SAMSUNG\-GT\-S3650.*
Samsung GT-S5600;.*SAMSUNG\-GT\-S5600.*
Motorola MOT-W377;.*MOT\-W377.*
Samsung GT-S5233A;.*SAMSUNG\-GT\-S5233.*
Nokia E90-1;.*NokiaE90.*
Nokia 5730s-1;.*Nokia5730.*
Motorola ZN300;.*MOT\-ZN300.*
LG LG-GB230;.*LG\-GB230.*
LG LG-GU230;.*LG\-GU230.*
ZTE G i766;.*ZTE\-G\ i766.*
Samsung M8800L;.*SAMSUNG-M8800.*
Nokia 1680c-2b;.*Nokia1680.*
LG LG/KC910Qa;.*LG\-KC910.*
Nokia 5230;.*Nokia5230.*
Samsung SGH-T219S;.*SAMSUNG\-SGH\-T219.*
Samsung E2210;.*SAMSUNG-E2210.*
LG GM210;.*LG-GM210.*
RIM BlackBerry 8707;.*BlackBerry8707.*
RIM BlackBerry 9630;.*BlackBerry9630.*
Samsung SGH-E251;.*SAMSUNG\-SGH\-E251.*
Samsung SGH-E215L;.*SGHE215L.*
Nokia N96-3;.*NokiaN96.*
Samsung SGH-i900;.*SAMSUNG\-SGH\-i900.*
Nokia 5320;.*Nokia5320.*
Palm Treo850;.*Palm850.*
Motorola ZN5;.*MOT\-ZN5.*
Nokia N3600slide;.*Nokia3600slide.*
imate Ultimate_6150;.*I\-Mate\ 6150.*
Motorola A3100;.*MOT\-A3100.*
RIM BlackBerry 8520;.*BlackBerry8520.*
Motorola W7;.*MOT\-W7.*
Nokia N86;.*NokiaN86.*
RIM BlackBerry 9800;.*9800.*
LG LG-KM380;.*LG\-KM380.*
HUAWEI U5705;.*HuaweiU5705.*
High Tech Computer Corporation Elf;.*HTC_P3450.*
Samsung B5702C;.*SAMSUNG\-B5702.*
LG-GM600;.*LG-GM600.*
Samsung SGH-D900e;.*SAMSUNG\-D900.*
Samsung SGH-M310;.*SEC\-SGHM310.*
Samsung SGH-U800;.*SAMSUNG\-SGH\-U800.*
LG LG-KG70;.*LG\-KG70.*
HTC Corporation HTC_Touch_HD_T8282;.*HTC_Touch_HD_T8282.*
LG LG-KP502;.*LG\-KP502.*
LG LG-KP265;.*LG\-KP265.*
Samsung SGH-A867;.*SAMSUNG\-SGH\-A867.*
Samsung SGH-C275L;.*SEC\-SGHC275.*
Samsung GT-S5620L;.*SAMSUNG-GT-S5620.*
Samsung SGH-F700;.*SAMSUNG\-SGH\-F700.*
Samsung SGH-J400;.*SAMSUNG\-SGH\-J400.*
Samsung SGH-T209;.*SAMSUNG\-SGH\-T209.*
Samsung SGH-i458B;.*Samsung\/SGH\-i458.*
Samsung SGH-Z230;.*SAMSUNG\-SGH\-Z230.*
SonyEricsson W205a;.*SonyEricssonW205.*
Samsung GT-I9000B;.*GT-I9000.*
LG LG-GD330;.*LG\-GD330.*
Nokia 2720a-2b;.*Nokia2720.*
Nokia NX3-00;.*NokiaX3.*
Motorola Electronics MOT-W418G;.*MOT\-W418G.*
Nokia 3109c;.*Nokia3109.*
Nokia N97 mini;.*N97.*
LG KC550;.*LG\-KC550.*
Motorola MOT-EM28;.*MOT-EM330.*
Motorola EM25;.*MOT\-EM25.*
RIM BlackBerry 9100;.*BlackBerry9100.*
LG LG-GB190;.*LG\-GB190.*
Samsung SGH-Z170;.*SAMSUNG\-SGH\-Z170.*
Samsung SGH-F275L;.*SAMSUNG\-SGH\-F275L.*
Motorola mot-q-gsm;.*Q\-GSM.*
Samsung SGH-X836;.*SEC\-SGHX836.*
RIM BlackBerry 8220;.*BlackBerry8220.*
LG KF755/v1.0;.*LG\/KF755.*
Nokia E71-2;.*NokiaE71.*
Samsung S3500;.*SAMSUNG\-S3500.*
W395;.*SonyEricssonW395.*
Motorola MotoQA1;.*MOT-MOTOQA1.*
HTC Corporation Polaris;".*Mozilla\/4\.0\ \(compatible\;\ MSIE\ 7\.0b\;\ Windows\ NT\ 6\.0\).*"
LG LGE/MG320;.*LG\-MG320.*
Samsung SGH-C417;.*SAMSUNG\-SGH\-C417.*
LG LGE/MG110;.*LG\-MG110.*
Motorola V197;.*MOT\-V197.*
Samsung GT-M3310;.*SAMSUNG\-GT\-M3310.*
Samsung Z510;.*SAMSUNG\-SGH\-Z510.*
Sony Ericsson T290a;.*SonyEricssonT290.*
Sony Ericsson W350a;.*SonyEricssonW350.*
Alcatel OT-V607A;.*Alcatel\-OT\-V607.*
Motorola A1200;.*MOT\-A780.*
LG LGE/KP110;.*LG\-KP110.*
Motorola MOT-W370;.*MOT\-W370.*
Nokia N82-1;.*NokiaN82.*
Samsung GT-E2120L;.*SAMSUNG\-GT\-E2120.*
Samsung SGH-L170;.*SAMSUNG\-SGH\-L170.*
Samsung SGH-M130L;.*SAMSUNG\-SGH\-M130.*
LG LGE/TU720;.*LG\-TU720.*
LG LG/KP330/v1.0;.*LG\/KP330.*
Samsung SGH-E746;.*SAMSUNG\-SGH\-E746.*
Nokia 6234;.*Nokia6234.*
Samsung GT-B3410;.*SAMSUNG\-GT\-B3410.*
Alcatel One Touch S 853;.*Alcatel\-OT\-S853.*
Alcatel OT-303A;.*Alcatel\-OT\-303.*
Alcatel One Touch C550_C560_C630_C635;.*Alcatel-OT-C550.*
LG LG-MG220;.*LG\-MG220.*
LG LG/KU250/v1.0;.*LG\/KU250.*
HUAWEI U7515;.*HuaweiU7515.*
LG LG-GT365;.*LG\-GT365.*
LG LG-KF900;.*LG\-KF900.*
Nokia 5070;.*Nokia5070.*
Samsung SGH-E200;.*SAMSUNG\-SGH\-E200.*
Samsung SGH-J700L;.*SAMSUNG\-SGH\-J700.*
Samsung SGH-J750;.*SAMSUNG\-SGH\-J750.*
